timestamp,gps_time,latitude,longitude,altitude,quality,quality_desc,satellites,hdop,rtcm_age,rtcm_count,rtcm_last_sent,diff_station
2025-06-12T20:35:10.208292,13:35:10+00:00,-7.2835625833333335,112.79673496666666,20.65,1,GPS,52,0.38,0,35,0.005417823791503906,
2025-06-12T20:35:11.254126,13:35:11+00:00,-7.283562533333333,112.79673485,20.699,1,GPS,52,0.36,0,119,0.0024220943450927734,
2025-06-12T20:35:12.220320,13:35:12+00:00,-7.283562366666667,112.79673505,20.727,1,GPS,52,0.38,0,146,0.0029256343841552734,
2025-06-12T20:35:13.242606,13:35:13+00:00,-7.283562166666667,112.7967352,20.708,1,GPS,52,0.38,0,197,0.0028967857360839844,
2025-06-12T20:35:14.202281,13:35:14+00:00,-7.28356195,112.79673511666667,20.72,1,GPS,52,0.37,0,208,0.9177415370941162,
2025-06-12T20:35:15.305892,13:35:15+00:00,-7.2835618166666665,112.79673518333334,20.703,2,DGPS,52,0.38,1.0,383,0.000751495361328125,
2025-06-12T20:35:16.275168,13:35:16+00:00,-7.283561916666667,112.79673555,20.642,2,DGPS,52,0.39,2.0,438,0.0021848678588867188,
2025-06-12T20:35:17.536972,13:35:17+00:00,-7.2835592,112.79673085,23.111,5,RTK_Float,52,0.37,1.0,482,0.21847200393676758,
2025-06-12T20:35:18.521722,13:35:18+00:00,-7.283553483333334,112.79673536666667,22.096,5,RTK_Float,52,0.38,1.0,571,0.25013136863708496,
2025-06-12T20:35:19.524394,13:35:19+00:00,-7.283561733333333,112.79672841666667,19.755,4,RTK_Fixed,52,0.37,1.0,597,0.28848814964294434,
2025-06-12T20:35:20.400039,13:35:20+00:00,-7.283561716666667,112.79672838333333,19.758,4,RTK_Fixed,52,0.36,1.0,627,0.12412834167480469,
2025-06-12T20:35:21.444888,13:35:21+00:00,-7.2835617,112.79672838333333,19.764,4,RTK_Fixed,52,0.36,1.0,652,0.20268869400024414,
2025-06-12T20:35:22.443397,13:35:22+00:00,-7.283561733333333,112.79672843333333,19.752,4,RTK_Fixed,52,0.36,1.0,684,0.18247199058532715,
2025-06-12T20:35:23.472253,13:35:23+00:00,-7.283561766666667,112.7967284,19.751,4,RTK_Fixed,52,0.37,1.0,710,0.22900629043579102,
2025-06-12T20:35:24.433274,13:35:24+00:00,-7.283561766666667,112.79672841666667,19.758,4,RTK_Fixed,52,0.36,1.0,736,0.19098520278930664,
2025-06-12T20:35:25.445020,13:35:25+00:00,-7.283561733333333,112.79672845,19.757,4,RTK_Fixed,52,0.37,1.0,762,0.19770169258117676,
2025-06-12T20:35:26.430553,13:35:26+00:00,-7.283561766666667,112.79672841666667,19.76,4,RTK_Fixed,52,0.37,1.0,789,0.17438983917236328,
2025-06-12T20:35:27.487425,13:35:27+00:00,-7.283561733333333,112.79672846666666,19.749,4,RTK_Fixed,51,0.37,1.0,817,0.23443961143493652,
2025-06-12T20:35:28.419679,13:35:28+00:00,-7.28356175,112.79672846666666,19.757,4,RTK_Fixed,51,0.36,1.0,844,0.1725614070892334,
2025-06-12T20:35:29.469128,13:35:29+00:00,-7.28356175,112.79672838333333,19.759,4,RTK_Fixed,51,0.36,1.0,870,0.22702884674072266,
2025-06-12T20:35:30.442125,13:35:30+00:00,-7.28356175,112.7967284,19.765,4,RTK_Fixed,51,0.37,1.0,900,0.1748189926147461,
2025-06-12T20:35:31.484847,13:35:31+00:00,-7.283561766666667,112.79672836666667,19.763,4,RTK_Fixed,51,0.36,1.0,925,0.24520540237426758,
2025-06-12T20:35:32.455993,13:35:32+00:00,-7.28356175,112.79672838333333,19.75,4,RTK_Fixed,51,0.36,1.0,957,0.18714642524719238,
2025-06-12T20:35:33.483473,13:35:33+00:00,-7.283561766666667,112.79672835,19.772,4,RTK_Fixed,51,0.36,1.0,983,0.2239830493927002,
2025-06-12T20:35:34.455812,13:35:34+00:00,-7.28356175,112.79672836666667,19.767,4,RTK_Fixed,51,0.37,1.0,1009,0.21321702003479004,
2025-06-12T20:35:35.461407,13:35:35+00:00,-7.283561733333333,112.79672835,19.76,4,RTK_Fixed,51,0.38,1.0,1035,0.14602279663085938,
2025-06-12T20:35:36.413037,13:35:36+00:00,-7.283561783333333,112.79672836666667,19.759,4,RTK_Fixed,52,0.38,1.0,1062,0.16216659545898438,
2025-06-12T20:35:37.451851,13:35:37+00:00,-7.283561716666667,112.7967284,19.747,4,RTK_Fixed,51,0.38,1.0,1090,0.19939112663269043,
2025-06-12T20:35:38.440875,13:35:38+00:00,-7.283561733333333,112.79672835,19.763,4,RTK_Fixed,52,0.38,1.0,1117,0.17505264282226562,
2025-06-12T20:35:39.477526,13:35:39+00:00,-7.28356175,112.79672835,19.755,4,RTK_Fixed,52,0.37,1.0,1143,0.2391953468322754,
2025-06-12T20:35:40.412395,13:35:40+00:00,-7.283561766666667,112.79672833333333,19.757,4,RTK_Fixed,52,0.39,1.0,1173,0.14910578727722168,
2025-06-12T20:35:41.444229,13:35:41+00:00,-7.283561733333333,112.79672833333333,19.744,4,RTK_Fixed,52,0.38,1.0,1198,0.0662229061126709,
2025-06-12T20:35:42.416103,13:35:42+00:00,-7.283561716666667,112.79672836666667,19.749,4,RTK_Fixed,52,0.37,1.0,1230,0.15302658081054688,
2025-06-12T20:35:43.453955,13:35:43+00:00,-7.2835617,112.79672843333333,19.742,4,RTK_Fixed,52,0.38,1.0,1256,0.2063274383544922,
2025-06-12T20:35:44.406800,13:35:44+00:00,-7.283561716666667,112.7967284,19.742,4,RTK_Fixed,52,0.38,1.0,1282,0.08854103088378906,
2025-06-12T20:35:45.450385,13:35:45+00:00,-7.283561733333333,112.79672838333333,19.748,4,RTK_Fixed,52,0.38,1.0,1434,0.0038971900939941406,
2025-06-12T20:35:46.424925,13:35:46+00:00,-7.283561733333333,112.79672831666667,19.756,4,RTK_Fixed,52,0.38,2.0,1469,0.16763925552368164,
2025-06-12T20:35:47.461594,13:35:47+00:00,-7.283561716666667,112.79672838333333,19.763,4,RTK_Fixed,52,0.37,1.0,1497,0.1865553855895996,
2025-06-12T20:35:48.461763,13:35:48+00:00,-7.283561733333333,112.79672833333333,19.763,4,RTK_Fixed,52,0.38,1.0,1524,0.1744546890258789,
2025-06-12T20:35:49.466705,13:35:49+00:00,-7.283561716666667,112.79672836666667,19.757,4,RTK_Fixed,52,0.38,1.0,1552,0.15151333808898926,
2025-06-12T20:35:50.426813,13:35:50+00:00,-7.28356175,112.79672838333333,19.768,4,RTK_Fixed,52,0.39,1.0,1581,0.16193699836730957,
2025-06-12T20:35:51.436836,13:35:51+00:00,-7.28356175,112.79672838333333,19.76,4,RTK_Fixed,52,0.39,1.0,1606,0.15687179565429688,
2025-06-12T20:35:52.428137,13:35:52+00:00,-7.28356175,112.79672835,19.778,4,RTK_Fixed,52,0.39,1.0,1636,0.10261130332946777,
2025-06-12T20:35:53.464538,13:35:53+00:00,-7.283561716666667,112.79672833333333,19.762,4,RTK_Fixed,52,0.37,1.0,1661,0.22372746467590332,
2025-06-12T20:35:54.429220,13:35:54+00:00,-7.283561683333334,112.79672835,19.767,4,RTK_Fixed,52,0.39,1.0,1686,0.18510007858276367,
2025-06-12T20:35:55.450798,13:35:55+00:00,-7.283561716666667,112.79672831666667,19.766,4,RTK_Fixed,52,0.39,1.0,1712,0.20587968826293945,
2025-06-12T20:35:56.404869,13:35:56+00:00,-7.2835616666666665,112.79672833333333,19.772,4,RTK_Fixed,52,0.38,1.0,1741,0.09131908416748047,
2025-06-12T20:35:57.437554,13:35:57+00:00,-7.2835617,112.79672833333333,19.777,4,RTK_Fixed,52,0.38,1.0,1769,0.19164538383483887,
2025-06-12T20:35:58.400510,13:35:58+00:00,-7.2835617,112.7967283,19.769,4,RTK_Fixed,52,0.38,1.0,1795,0.1566617488861084,
2025-06-12T20:35:59.426901,13:35:59+00:00,-7.283561716666667,112.79672831666667,19.768,4,RTK_Fixed,52,0.39,1.0,1795,1.183053970336914,
2025-06-12T20:36:00.400888,13:36:00+00:00,-7.283561716666667,112.79672838333333,19.771,4,RTK_Fixed,52,0.39,1.0,1850,0.12439656257629395,
2025-06-12T20:36:01.437881,13:36:01+00:00,-7.283561683333334,112.79672836666667,19.785,4,RTK_Fixed,52,0.39,1.0,1875,0.14645886421203613,
2025-06-12T20:36:02.410240,13:36:02+00:00,-7.283561683333334,112.79672835,19.774,4,RTK_Fixed,52,0.38,1.0,1886,0.004763364791870117,
2025-06-12T20:36:03.433376,13:36:03+00:00,-7.2835617,112.79672838333333,19.767,4,RTK_Fixed,52,0.37,1.0,1932,0.19291973114013672,
2025-06-12T20:36:04.406264,13:36:04+00:00,-7.2835617,112.79672838333333,19.766,4,RTK_Fixed,52,0.37,1.0,1958,0.09518718719482422,
2025-06-12T20:36:05.472103,13:36:05+00:00,-7.28356175,112.79672841666667,19.754,4,RTK_Fixed,52,0.38,1.0,1984,0.20322227478027344,
2025-06-12T20:36:06.429334,13:36:06+00:00,-7.28356175,112.7967284,19.754,4,RTK_Fixed,52,0.37,1.0,2013,0.1320958137512207,
2025-06-12T20:36:07.464813,13:36:07+00:00,-7.2835617,112.79672838333333,19.756,4,RTK_Fixed,52,0.38,1.0,2042,0.21389269828796387,
2025-06-12T20:36:08.460428,13:36:08+00:00,-7.283561733333333,112.79672843333333,19.741,4,RTK_Fixed,53,0.38,1.0,2070,0.12260842323303223,
2025-06-12T20:36:09.487599,13:36:09+00:00,-7.283561783333333,112.79672836666667,19.753,4,RTK_Fixed,53,0.38,1.0,2096,0.19675564765930176,
2025-06-12T20:36:10.413798,13:36:10+00:00,-7.2835618,112.79672841666667,19.745,4,RTK_Fixed,53,0.37,1.0,2096,1.1229596138000488,
2025-06-12T20:36:11.431828,13:36:11+00:00,-7.28356175,112.79672836666667,19.755,4,RTK_Fixed,53,0.36,1.0,2151,0.18807625770568848,
2025-06-12T20:36:12.426709,13:36:12+00:00,-7.283561733333333,112.79672838333333,19.76,4,RTK_Fixed,53,0.36,1.0,2183,0.15717601776123047,
2025-06-12T20:36:13.454297,13:36:13+00:00,-7.2835616666666665,112.79672838333333,19.765,4,RTK_Fixed,53,0.36,1.0,2210,0.20807385444641113,
2025-06-12T20:36:14.409237,13:36:14+00:00,-7.2835616,112.79672843333333,19.77,4,RTK_Fixed,53,0.36,1.0,2236,0.06537008285522461,
2025-06-12T20:36:15.482248,13:36:15+00:00,-7.2835616666666665,112.7967283,19.764,4,RTK_Fixed,53,0.35,1.0,2387,0.006543874740600586,
2025-06-12T20:36:16.417809,13:36:16+00:00,-7.28356175,112.79672831666667,19.764,4,RTK_Fixed,53,0.35,2.0,2423,0.014663457870483398,
2025-06-12T20:36:17.447849,13:36:17+00:00,-7.283561683333334,112.79672836666667,19.77,4,RTK_Fixed,53,0.35,1.0,2451,0.18834400177001953,
2025-06-12T20:36:18.435536,13:36:18+00:00,-7.2835617,112.79672838333333,19.75,4,RTK_Fixed,53,0.35,1.0,2480,0.18188786506652832,
2025-06-12T20:36:19.459155,13:36:19+00:00,-7.28356175,112.79672831666667,19.76,4,RTK_Fixed,53,0.35,1.0,2506,0.21715188026428223,
2025-06-12T20:36:20.435500,13:36:20+00:00,-7.2835617,112.79672835,19.752,4,RTK_Fixed,53,0.35,1.0,2530,0.004942655563354492,
2025-06-12T20:36:21.467470,13:36:21+00:00,-7.283561716666667,112.79672831666667,19.747,4,RTK_Fixed,53,0.35,1.0,2560,0.17092561721801758,
2025-06-12T20:36:22.425587,13:36:22+00:00,-7.283561733333333,112.79672831666667,19.744,4,RTK_Fixed,53,0.36,1.0,2590,0.15860271453857422,
2025-06-12T20:36:23.452200,13:36:23+00:00,-7.283561733333333,112.79672835,19.728,4,RTK_Fixed,53,0.36,1.0,2615,0.19692611694335938,
2025-06-12T20:36:24.446819,13:36:24+00:00,-7.283561683333334,112.79672835,19.743,4,RTK_Fixed,53,0.35,1.0,2641,0.1546628475189209,
2025-06-12T20:36:25.474051,13:36:25+00:00,-7.283561783333333,112.79672831666667,19.753,4,RTK_Fixed,53,0.35,1.0,2667,0.2248210906982422,
2025-06-12T20:36:26.426282,13:36:26+00:00,-7.2835617,112.79672833333333,19.752,4,RTK_Fixed,53,0.35,1.0,2694,0.17807888984680176,
2025-06-12T20:36:27.473348,13:36:27+00:00,-7.28356175,112.79672831666667,19.751,4,RTK_Fixed,53,0.36,1.0,2722,0.2078561782836914,
2025-06-12T20:36:28.428833,13:36:28+00:00,-7.28356175,112.79672835,19.762,4,RTK_Fixed,53,0.37,1.0,2749,0.17266631126403809,
2025-06-12T20:36:29.466645,13:36:29+00:00,-7.283561733333333,112.79672835,19.759,4,RTK_Fixed,53,0.37,1.0,2775,0.18985557556152344,
2025-06-12T20:36:30.427477,13:36:30+00:00,-7.2835617,112.79672835,19.756,4,RTK_Fixed,53,0.36,1.0,2775,1.150747299194336,
2025-06-12T20:36:31.488059,13:36:31+00:00,-7.2835617,112.79672831666667,19.753,4,RTK_Fixed,53,0.36,1.0,2829,0.22989797592163086,
2025-06-12T20:36:32.423386,13:36:32+00:00,-7.283561766666667,112.79672833333333,19.746,4,RTK_Fixed,53,0.39,1.0,2860,0.1637113094329834,
2025-06-12T20:36:33.462876,13:36:33+00:00,-7.28356175,112.79672831666667,19.754,4,RTK_Fixed,52,0.38,1.0,2886,0.12098264694213867,
2025-06-12T20:36:34.419563,13:36:34+00:00,-7.28356175,112.79672831666667,19.758,4,RTK_Fixed,52,0.37,1.0,2912,0.08399415016174316,
2025-06-12T20:36:35.449839,13:36:35+00:00,-7.28356175,112.79672835,19.753,4,RTK_Fixed,52,0.37,1.0,2938,0.2019951343536377,
2025-06-12T20:36:36.426601,13:36:36+00:00,-7.283561716666667,112.79672843333333,19.742,4,RTK_Fixed,52,0.38,1.0,2965,0.16706180572509766,
2025-06-12T20:36:37.448929,13:36:37+00:00,-7.2835617,112.79672833333333,19.758,4,RTK_Fixed,52,0.36,1.0,2993,0.20338892936706543,
2025-06-12T20:36:38.428094,13:36:38+00:00,-7.2835617,112.79672835,19.764,4,RTK_Fixed,52,0.36,1.0,3020,0.16838717460632324,
2025-06-12T20:36:39.464473,13:36:39+00:00,-7.283561716666667,112.7967283,19.771,4,RTK_Fixed,52,0.35,1.0,3051,0.14573407173156738,
2025-06-12T20:36:40.426521,13:36:40+00:00,-7.2835617,112.79672835,19.765,4,RTK_Fixed,52,0.4,1.0,3081,0.1197817325592041,
2025-06-12T20:36:41.437206,13:36:41+00:00,-7.283561716666667,112.79672835,19.759,4,RTK_Fixed,52,0.35,1.0,3081,1.1304826736450195,
2025-06-12T20:36:42.409270,13:36:42+00:00,-7.2835617,112.79672826666666,19.767,4,RTK_Fixed,52,0.36,2.0,3081,2.1025307178497314,
2025-06-12T20:36:43.453797,13:36:43+00:00,-7.283561716666667,112.7967283,19.754,4,RTK_Fixed,52,0.36,3.0,3081,3.1470561027526855,
2025-06-12T20:36:44.417269,13:36:44+00:00,-7.283561733333333,112.79672833333333,19.755,4,RTK_Fixed,52,0.36,3.0,3190,0.029627561569213867,
2025-06-12T20:36:45.467132,13:36:45+00:00,-7.283561783333333,112.79672826666666,19.768,4,RTK_Fixed,52,0.37,1.0,3190,1.0794897079467773,
2025-06-12T20:36:46.430296,13:36:46+00:00,-7.283561766666667,112.79672831666667,19.77,4,RTK_Fixed,52,0.36,2.0,3190,2.0426576137542725,
2025-06-12T20:36:47.445204,13:36:47+00:00,-7.283561783333333,112.7967283,19.772,4,RTK_Fixed,52,0.36,3.0,3190,3.0575788021087646,
2025-06-12T20:36:48.457535,13:36:48+00:00,-7.283561733333333,112.79672831666667,19.762,4,RTK_Fixed,52,0.37,4.0,3190,4.069895267486572,
2025-06-12T20:36:49.493885,13:36:49+00:00,-7.283561783333333,112.7967283,19.771,4,RTK_Fixed,51,0.36,5.0,3190,5.106245040893555,
2025-06-12T20:36:50.436922,13:36:50+00:00,-7.283561766666667,112.79672826666666,19.767,4,RTK_Fixed,51,0.44,6.0,3190,6.049282550811768,
2025-06-12T20:36:51.461403,13:36:51+00:00,-7.283561766666667,112.79672833333333,19.764,4,RTK_Fixed,51,0.38,7.0,3190,7.0737669467926025,
2025-06-12T20:36:52.403801,13:36:52+00:00,-7.28356175,112.7967283,19.758,4,RTK_Fixed,51,0.46,8.0,3190,8.016161918640137,
2025-06-12T20:36:53.452452,13:36:53+00:00,-7.2835618,112.79672823333334,19.768,4,RTK_Fixed,51,0.37,9.0,3190,9.064827680587769,
2025-06-12T20:36:54.424386,13:36:54+00:00,-7.283561783333333,112.79672821666666,19.763,4,RTK_Fixed,51,0.37,10.0,3248,0.0007996559143066406,
2025-06-12T20:36:55.477377,13:36:55+00:00,-7.283561783333333,112.7967283,19.764,4,RTK_Fixed,52,0.38,11.0,3488,0.0029070377349853516,
2025-06-12T20:36:56.436436,13:36:56+00:00,-7.283561716666667,112.79672828333334,19.768,4,RTK_Fixed,52,0.37,5.0,3651,0.1922304630279541,
2025-06-12T20:36:57.470214,13:36:57+00:00,-7.283561733333333,112.79672835,19.749,4,RTK_Fixed,52,0.38,1.0,3679,0.16255426406860352,
2025-06-12T20:36:58.429741,13:36:58+00:00,-7.283561766666667,112.79672828333334,19.765,4,RTK_Fixed,52,0.37,1.0,3706,0.16964125633239746,
2025-06-12T20:36:59.463087,13:36:59+00:00,-7.283561766666667,112.79672831666667,19.757,4,RTK_Fixed,52,0.37,1.0,3737,0.15799736976623535,
2025-06-12T20:37:00.428304,13:37:00+00:00,-7.283561766666667,112.79672835,19.766,4,RTK_Fixed,52,0.38,1.0,3767,0.15559697151184082,
2025-06-12T20:37:01.446026,13:37:01+00:00,-7.283561766666667,112.79672833333333,19.762,4,RTK_Fixed,52,0.39,1.0,3792,0.1919715404510498,
2025-06-12T20:37:02.417476,13:37:02+00:00,-7.28356175,112.7967283,19.749,4,RTK_Fixed,52,0.37,1.0,3824,0.12117242813110352,
2025-06-12T20:37:03.456871,13:37:03+00:00,-7.283561783333333,112.79672836666667,19.759,4,RTK_Fixed,52,0.36,1.0,3850,0.21845555305480957,
2025-06-12T20:37:04.412817,13:37:04+00:00,-7.283561783333333,112.79672835,19.762,4,RTK_Fixed,52,0.37,1.0,3876,0.14717483520507812,
2025-06-12T20:37:05.448331,13:37:05+00:00,-7.28356175,112.79672835,19.763,4,RTK_Fixed,52,0.36,1.0,3902,0.1974782943725586,
2025-06-12T20:37:06.418318,13:37:06+00:00,-7.283561766666667,112.79672828333334,19.757,4,RTK_Fixed,52,0.34,1.0,3929,0.10440707206726074,
2025-06-12T20:37:07.457814,13:37:07+00:00,-7.28356175,112.79672833333333,19.759,4,RTK_Fixed,52,0.35,1.0,3957,0.1573803424835205,
2025-06-12T20:37:08.431582,13:37:08+00:00,-7.2835618,112.79672831666667,19.757,4,RTK_Fixed,52,0.36,1.0,3984,0.16829681396484375,
2025-06-12T20:37:09.470617,13:37:09+00:00,-7.283561766666667,112.79672833333333,19.76,4,RTK_Fixed,52,0.36,1.0,4015,0.18462920188903809,
2025-06-12T20:37:10.429927,13:37:10+00:00,-7.283561766666667,112.7967283,19.757,4,RTK_Fixed,52,0.34,1.0,4045,0.16706085205078125,
2025-06-12T20:37:11.454737,13:37:11+00:00,-7.283561783333333,112.79672838333333,19.752,4,RTK_Fixed,52,0.35,1.0,4070,0.21702861785888672,
2025-06-12T20:37:12.401810,13:37:12+00:00,-7.283561766666667,112.79672833333333,19.759,4,RTK_Fixed,52,0.4,1.0,4102,0.08650493621826172,
2025-06-12T20:37:13.460306,13:37:13+00:00,-7.2835618,112.79672826666666,19.778,4,RTK_Fixed,52,0.36,1.0,4128,0.20159173011779785,
2025-06-12T20:37:14.419770,13:37:14+00:00,-7.283561716666667,112.79672835,19.768,4,RTK_Fixed,52,0.36,1.0,4154,0.17555618286132812,
2025-06-12T20:37:15.473165,13:37:15+00:00,-7.283561733333333,112.7967284,19.757,4,RTK_Fixed,52,0.34,1.0,4314,0.09537625312805176,
2025-06-12T20:37:16.428844,13:37:16+00:00,-7.28356175,112.79672833333333,19.758,4,RTK_Fixed,52,0.35,2.0,4341,0.177459716796875,
2025-06-12T20:37:17.463548,13:37:17+00:00,-7.2835617,112.79672831666667,19.78,4,RTK_Fixed,52,0.34,1.0,4369,0.21855497360229492,
2025-06-12T20:37:18.429140,13:37:18+00:00,-7.283561733333333,112.79672828333334,19.78,4,RTK_Fixed,52,0.35,1.0,4396,0.18539762496948242,
2025-06-12T20:37:19.459743,13:37:19+00:00,-7.283561783333333,112.79672831666667,19.776,4,RTK_Fixed,52,0.36,1.0,4424,0.20469045639038086,
2025-06-12T20:37:20.417840,13:37:20+00:00,-7.283561766666667,112.79672826666666,19.782,4,RTK_Fixed,52,0.36,1.0,4453,0.16307926177978516,
2025-06-12T20:37:21.458902,13:37:21+00:00,-7.28356175,112.79672836666667,19.786,4,RTK_Fixed,52,0.37,1.0,4478,0.15768885612487793,
2025-06-12T20:37:22.421685,13:37:22+00:00,-7.283561766666667,112.79672833333333,19.77,4,RTK_Fixed,52,0.36,1.0,4508,0.10593438148498535,
2025-06-12T20:37:23.463783,13:37:23+00:00,-7.28356175,112.79672836666667,19.767,4,RTK_Fixed,52,0.35,1.0,4534,0.21952271461486816,
2025-06-12T20:37:24.421487,13:37:24+00:00,-7.283561766666667,112.79672906666667,19.851,4,RTK_Fixed,52,0.37,1.0,4559,0.16910552978515625,
2025-06-12T20:37:25.439724,13:37:25+00:00,-7.283561866666667,112.79672973333334,19.94,4,RTK_Fixed,51,0.39,1.0,4585,0.19161128997802734,
2025-06-12T20:37:26.414309,13:37:26+00:00,-7.28356185,112.79672973333334,19.934,4,RTK_Fixed,52,0.37,1.0,4678,0.002608776092529297,
2025-06-12T20:37:27.397579,13:37:27+00:00,-7.2835618166666665,112.79672963333333,19.944,4,RTK_Fixed,52,0.41,1.0,4715,0.002653360366821289,
2025-06-12T20:37:28.266048,13:37:28+00:00,-7.283561583333333,112.79672986666667,20.01,2,DGPS,52,0.37,1.0,4735,0.003122568130493164,
2025-06-12T20:37:29.313105,13:37:29+00:00,-7.283561333333333,112.79673021666666,20.021,2,DGPS,52,0.36,1.0,4791,0.002623319625854492,
2025-06-12T20:37:30.283484,13:37:30+00:00,-7.283561383333334,112.79673041666666,20.048,2,DGPS,52,0.37,1.0,4817,0.002062082290649414,
2025-06-12T20:37:31.498743,13:37:31+00:00,-7.283561766666667,112.79673055,20.06,5,RTK_Float,52,0.37,1.0,4861,0.19779753684997559,
2025-06-12T20:37:32.521604,13:37:32+00:00,-7.283561583333333,112.79673061666666,20.046,5,RTK_Float,52,0.36,1.0,4899,0.21619582176208496,
2025-06-12T20:37:33.555443,13:37:33+00:00,-7.283561716666667,112.79673075,20.05,5,RTK_Float,52,0.4,1.0,4932,0.2553415298461914,
2025-06-12T20:37:34.479523,13:37:34+00:00,-7.283561633333333,112.79673076666667,20.045,5,RTK_Float,52,0.37,1.0,4967,0.16734766960144043,
2025-06-12T20:37:35.564075,13:37:35+00:00,-7.283561633333333,112.79673081666667,20.014,5,RTK_Float,52,0.36,1.0,5002,0.22413134574890137,
2025-06-12T20:37:36.512500,13:37:36+00:00,-7.283561533333334,112.79673096666667,19.955,5,RTK_Float,52,0.38,1.0,5076,0.0028960704803466797,
2025-06-12T20:37:37.580587,13:37:37+00:00,-7.2835616666666665,112.79673103333333,19.953,5,RTK_Float,52,0.36,2.0,5115,0.3302032947540283,
2025-06-12T20:37:38.273681,13:37:38+00:00,-7.283561883333333,112.79673105,19.976,2,DGPS,51,0.37,1.0,5115,1.023296594619751,
2025-06-12T20:37:39.324909,13:37:39+00:00,-7.283562016666667,112.79673126666667,19.992,2,DGPS,51,0.38,1.0,5171,0.029950618743896484,
2025-06-12T20:37:40.286229,13:37:40+00:00,-7.283562083333333,112.79673145,20.028,2,DGPS,51,0.37,1.0,5198,0.0022156238555908203,
2025-06-12T20:37:41.765833,13:37:41+00:00,-7.2835622,112.79673113333334,19.946,5,RTK_Float,51,0.41,1.0,5224,0.2213611602783203,
2025-06-12T20:37:42.605702,13:37:42+00:00,-7.283562266666666,112.79673126666667,19.933,5,RTK_Float,52,0.41,1.0,5322,0.15584850311279297,
2025-06-12T20:37:43.544356,13:37:43+00:00,-7.2835624333333335,112.79673145,19.96,5,RTK_Float,51,0.38,1.0,5357,0.2636580467224121,
2025-06-12T20:37:44.280663,13:37:44+00:00,-7.2835624333333335,112.79673166666667,19.954,2,DGPS,51,0.39,1.0,5386,0.004919767379760742,
2025-06-12T20:37:45.335694,13:37:45+00:00,-7.2835624,112.79673191666667,19.936,2,DGPS,52,0.37,1.0,5540,0.0023946762084960938,
2025-06-12T20:37:46.274730,13:37:46+00:00,-7.283562566666666,112.79673211666666,19.937,2,DGPS,52,0.37,2.0,5587,0.0021941661834716797,
2025-06-12T20:37:47.599488,13:37:47+00:00,-7.283562616666667,112.79673208333334,19.755,5,RTK_Float,52,0.37,1.0,5632,0.2721400260925293,
2025-06-12T20:37:48.516157,13:37:48+00:00,-7.28356285,112.79673213333334,19.843,5,RTK_Float,52,0.37,1.0,5670,0.21894335746765137,
2025-06-12T20:37:49.619427,13:37:49+00:00,-7.2835626,112.79673258333334,19.723,5,RTK_Float,52,0.37,1.0,5706,0.31601977348327637,
2025-06-12T20:37:50.573802,13:37:50+00:00,-7.283562616666667,112.7967319,19.69,5,RTK_Float,52,0.36,1.0,5744,0.2618703842163086,
2025-06-12T20:37:51.653951,13:37:51+00:00,-7.283561966666666,112.79673213333334,19.462,5,RTK_Float,52,0.35,1.0,5777,0.3285353183746338,
2025-06-12T20:37:52.566623,13:37:52+00:00,-7.2835617,112.79673243333333,19.305,5,RTK_Float,52,0.41,1.0,5816,0.18232154846191406,
2025-06-12T20:37:53.635112,13:37:53+00:00,-7.283561333333333,112.79673251666667,19.258,5,RTK_Float,52,0.37,1.0,5851,0.3377213478088379,
2025-06-12T20:37:54.599147,13:37:54+00:00,-7.28356165,112.79673251666667,19.215,5,RTK_Float,52,0.36,1.0,5886,0.2960681915283203,
2025-06-12T20:37:55.657387,13:37:55+00:00,-7.283561483333333,112.7967322,19.306,5,RTK_Float,52,0.4,1.0,5921,0.334852933883667,
2025-06-12T20:37:56.477648,13:37:56+00:00,-7.2835619,112.79673243333333,19.102,5,RTK_Float,52,0.39,1.0,5959,0.14774560928344727,
2025-06-12T20:37:57.661964,13:37:57+00:00,-7.283561483333333,112.79673226666667,19.06,5,RTK_Float,52,0.35,1.0,5996,0.316878080368042,
2025-06-12T20:37:58.644625,13:37:58+00:00,-7.283560816666666,112.79673228333333,19.13,5,RTK_Float,52,0.35,1.0,6032,0.35204195976257324,
2025-06-12T20:37:59.598812,13:37:59+00:00,-7.283560283333333,112.79673165,19.467,5,RTK_Float,52,0.38,1.0,6068,0.2986116409301758,
2025-06-12T20:38:00.594678,13:38:00+00:00,-7.283560116666667,112.7967311,19.869,5,RTK_Float,52,0.39,1.0,6154,0.15772414207458496,
2025-06-12T20:38:01.653168,13:38:01+00:00,-7.283559683333333,112.79673046666667,20.214,5,RTK_Float,52,0.39,2.0,6179,0.41848134994506836,
2025-06-12T20:38:02.260606,13:38:02+00:00,-7.2835844666666665,112.79672958333333,18.785,1,GPS,52,0.39,0,6210,0.002249002456665039,
2025-06-12T20:38:03.306276,13:38:03+00:00,-7.28358515,112.79673021666666,18.796,2,DGPS,52,0.36,1.0,6236,0.06319284439086914,
2025-06-12T20:38:04.287143,13:38:04+00:00,-7.2835850833333335,112.79673038333334,18.756,2,DGPS,51,0.36,1.0,6260,0.005986213684082031,
2025-06-12T20:38:05.302696,13:38:05+00:00,-7.283587266666666,112.79673093333334,18.789,2,DGPS,52,0.36,1.0,6288,0.046709537506103516,
2025-06-12T20:38:06.554797,13:38:06+00:00,-7.283579133333333,112.79673565,15.302,5,RTK_Float,52,0.36,1.0,6315,0.25177741050720215,
2025-06-12T20:38:07.539595,13:38:07+00:00,-7.28357685,112.79673845,15.44,5,RTK_Float,51,0.36,1.0,6344,0.2803208827972412,
2025-06-12T20:38:08.717920,13:38:08+00:00,-7.283575866666666,112.7967388,15.712,5,RTK_Float,52,0.36,1.0,6376,0.3793652057647705,
2025-06-12T20:38:09.603576,13:38:09+00:00,-7.283576066666667,112.79673886666667,16.557,5,RTK_Float,52,0.36,1.0,6403,0.3541097640991211,
2025-06-12T20:38:10.594790,13:38:10+00:00,-7.283573733333333,112.79673843333333,16.842,5,RTK_Float,52,0.36,1.0,6432,0.33785533905029297,
2025-06-12T20:38:11.599439,13:38:11+00:00,-7.283574116666666,112.79673816666667,16.385,5,RTK_Float,52,0.37,1.0,6457,0.3197183609008789,
2025-06-12T20:38:12.598476,13:38:12+00:00,-7.283572566666667,112.79673833333334,17.045,5,RTK_Float,52,0.37,1.0,6487,0.2826402187347412,
2025-06-12T20:38:13.585810,13:38:13+00:00,-7.2835717,112.796738,17.7,5,RTK_Float,52,0.37,1.0,6514,0.33152174949645996,
2025-06-12T20:38:14.567087,13:38:14+00:00,-7.2835707,112.79673805,18.195,5,RTK_Float,52,0.37,1.0,6540,0.3250467777252197,
2025-06-12T20:38:15.624616,13:38:15+00:00,-7.28357095,112.79673758333334,18.341,5,RTK_Float,51,0.37,1.0,6700,0.22357845306396484,
2025-06-12T20:38:16.537897,13:38:16+00:00,-7.28357115,112.79673721666667,18.468,5,RTK_Float,52,0.37,2.0,6727,0.28182244300842285,
2025-06-12T20:38:17.605663,13:38:17+00:00,-7.283569483333333,112.79673706666667,18.663,5,RTK_Float,52,0.37,1.0,6755,0.1604022979736328,
2025-06-12T20:38:18.585552,13:38:18+00:00,-7.283569683333333,112.79673578333333,19.058,5,RTK_Float,52,0.37,1.0,6784,0.32313013076782227,
2025-06-12T20:38:19.581916,13:38:19+00:00,-7.28356895,112.79673563333333,19.018,5,RTK_Float,52,0.37,1.0,6810,0.33476924896240234,
2025-06-12T20:38:20.600435,13:38:20+00:00,-7.28356665,112.79673536666667,18.607,5,RTK_Float,52,0.36,1.0,6839,0.3412506580352783,
2025-06-12T20:38:21.617138,13:38:21+00:00,-7.283565983333333,112.79673506666667,19.087,5,RTK_Float,52,0.36,1.0,6864,0.3371434211730957,
2025-06-12T20:38:22.543528,13:38:22+00:00,-7.283565866666667,112.79673516666666,19.281,5,RTK_Float,52,0.36,1.0,6894,0.2141425609588623,
2025-06-12T20:38:23.583670,13:38:23+00:00,-7.283566483333333,112.79673596666666,19.096,5,RTK_Float,52,0.38,1.0,6919,0.33634495735168457,
2025-06-12T20:38:24.638884,13:38:24+00:00,-7.2835660833333336,112.7967364,19.056,5,RTK_Float,52,0.38,1.0,6945,0.3516254425048828,
2025-06-12T20:38:25.674042,13:38:25+00:00,-7.2835629,112.79673768333333,18.795,5,RTK_Float,52,0.38,1.0,6971,0.4146909713745117,
2025-06-12T20:38:26.665247,13:38:26+00:00,-7.2835622,112.79673746666667,19.735,5,RTK_Float,52,0.39,1.0,6998,0.40892577171325684,
2025-06-12T20:38:27.559955,13:38:27+00:00,-7.283562083333333,112.79673791666667,19.68,5,RTK_Float,52,0.37,1.0,7026,0.26882314682006836,
2025-06-12T20:38:28.573231,13:38:28+00:00,-7.283562133333334,112.79673781666666,19.738,5,RTK_Float,52,0.37,1.0,7053,0.3270914554595947,
2025-06-12T20:38:29.513668,13:38:29+00:00,-7.283563783333333,112.79673686666666,19.803,5,RTK_Float,52,0.37,1.0,7079,0.264538049697876,
2025-06-12T20:38:30.444635,13:38:30+00:00,-7.283563916666667,112.79673636666666,20.218,5,RTK_Float,52,0.37,1.0,7108,0.18628406524658203,
2025-06-12T20:38:31.495987,13:38:31+00:00,-7.283563483333333,112.79673578333333,20.535,5,RTK_Float,52,0.37,1.0,7133,0.2478163242340088,
2025-06-12T20:38:32.498378,13:38:32+00:00,-7.28356315,112.79673578333333,20.785,5,RTK_Float,52,0.37,1.0,7163,0.24259424209594727,
2025-06-12T20:38:33.576843,13:38:33+00:00,-7.2835624333333335,112.79673623333333,20.973,5,RTK_Float,52,0.37,1.0,7189,0.3316779136657715,
2025-06-12T20:38:34.540853,13:38:34+00:00,-7.283562233333333,112.79673546666666,21.116,5,RTK_Float,52,0.37,1.0,7215,0.2896921634674072,
2025-06-12T20:38:35.602010,13:38:35+00:00,-7.28356265,112.79673493333334,21.264,5,RTK_Float,52,0.36,1.0,7241,0.34652066230773926,
2025-06-12T20:38:36.530985,13:38:36+00:00,-7.2835619,112.79673531666667,21.234,5,RTK_Float,51,0.37,1.0,7268,0.2755246162414551,
2025-06-12T20:38:37.665740,13:38:37+00:00,-7.28356085,112.79673551666667,21.447,5,RTK_Float,51,0.36,1.0,7296,0.4023771286010742,
2025-06-12T20:38:38.616165,13:38:38+00:00,-7.283560666666666,112.79673558333333,21.298,5,RTK_Float,51,0.36,1.0,7324,0.34990739822387695,
2025-06-12T20:38:39.623977,13:38:39+00:00,-7.28356065,112.79673555,21.217,5,RTK_Float,52,0.36,1.0,7354,0.36730360984802246,
2025-06-12T20:38:40.520368,13:38:40+00:00,-7.283559866666667,112.79673531666667,21.124,5,RTK_Float,52,0.36,1.0,7384,0.2564082145690918,
2025-06-12T20:38:41.589928,13:38:41+00:00,-7.283559883333333,112.79673526666667,21.067,5,RTK_Float,52,0.36,1.0,7409,0.30060553550720215,
2025-06-12T20:38:42.495822,13:38:42+00:00,-7.283559833333333,112.7967354,20.956,5,RTK_Float,52,0.36,1.0,7441,0.18332695960998535,
2025-06-12T20:38:43.588545,13:38:43+00:00,-7.283559333333334,112.79673525,20.902,5,RTK_Float,52,0.36,1.0,7466,0.3526432514190674,
2025-06-12T20:38:44.611093,13:38:44+00:00,-7.2835579,112.79673536666667,20.839,5,RTK_Float,52,0.37,1.0,7491,0.33087801933288574,
2025-06-12T20:38:45.669115,13:38:45+00:00,-7.283557583333334,112.79673548333334,20.926,5,RTK_Float,52,0.37,1.0,7650,0.28922414779663086,
2025-06-12T20:38:46.796398,13:38:46+00:00,-7.2835622,112.79672985,19.928,4,RTK_Fixed,52,0.35,2.0,7677,0.535768985748291,
2025-06-12T20:38:47.414162,13:38:47+00:00,-7.2835622,112.79672991666666,19.92,4,RTK_Fixed,52,0.38,1.0,7705,0.15279078483581543,
2025-06-12T20:38:48.385928,13:38:48+00:00,-7.283562166666667,112.79672988333333,19.926,4,RTK_Fixed,52,0.39,1.0,7732,0.13639211654663086,
2025-06-12T20:38:49.424155,13:38:49+00:00,-7.283562116666666,112.79672978333333,19.966,4,RTK_Fixed,52,0.36,1.0,7758,0.10763716697692871,
2025-06-12T20:38:50.387817,13:38:50+00:00,-7.283562033333333,112.79673066666666,20.001,4,RTK_Fixed,52,0.4,1.0,7787,0.1332104206085205,
2025-06-12T20:38:51.459606,13:38:51+00:00,-7.283562016666667,112.79673073333333,20.001,4,RTK_Fixed,52,0.35,1.0,7815,0.20183157920837402,
2025-06-12T20:38:52.400864,13:38:52+00:00,-7.283562,112.79673075,19.994,4,RTK_Fixed,52,0.34,1.0,7847,0.06753754615783691,
2025-06-12T20:38:53.423755,13:38:53+00:00,-7.283562083333333,112.7967307,19.998,4,RTK_Fixed,52,0.34,1.0,7873,0.17747712135314941,
2025-06-12T20:38:54.428476,13:38:54+00:00,-7.28356205,112.79673076666667,19.983,4,RTK_Fixed,52,0.35,1.0,7899,0.18717360496520996,
2025-06-12T20:38:55.447038,13:38:55+00:00,-7.283562,112.79673056666667,20.019,4,RTK_Fixed,52,0.35,1.0,7925,0.19910073280334473,
2025-06-12T20:38:56.404005,13:38:56+00:00,-7.283561966666666,112.79673075,19.99,4,RTK_Fixed,52,0.35,1.0,7952,0.1560046672821045,
2025-06-12T20:38:57.439989,13:38:57+00:00,-7.283562016666667,112.79673053333333,19.997,4,RTK_Fixed,52,0.35,1.0,7979,0.16263866424560547,
2025-06-12T20:38:58.406579,13:38:58+00:00,-7.28356205,112.79673046666667,19.994,4,RTK_Fixed,52,0.35,1.0,8006,0.1125173568725586,
2025-06-12T20:38:59.441195,13:38:59+00:00,-7.283561983333334,112.7967304,19.988,4,RTK_Fixed,52,0.36,1.0,8032,0.15177059173583984,
