Timestamp,GPS_ID,Latitude,Longitude,X,Y
2025-05-12 15:50:40,1,-7.283533666666667,112.7966475,0.8272326154005721,3.4841077015227038
2025-05-12 15:50:40,2,-7.283559833333333,112.79662116666667,-2.077272948210268,0.5745071210278098
2025-05-12 15:50:40,1,-7.283533666666667,112.79664766666667,0.8456155623398105,3.4841077015227038
2025-05-12 15:50:41,1,-7.283533666666667,112.79664766666667,0.8456155623398105,3.4841077015227038
2025-05-12 15:50:41,1,-7.283533666666667,112.79664783333334,0.8639985092790488,3.4841077015227038
2025-05-12 15:50:41,2,-7.28356,112.79662066666667,-2.1324217870220403,0.5559746333005067
2025-05-12 15:50:41,1,-7.283533666666667,112.79664783333334,0.8639985092790488,3.4841077015227038
2025-05-12 15:50:42,1,-7.283533666666667,112.796648,0.882381456218287,3.4841077015227038
2025-05-12 15:50:42,2,-7.283560666666666,112.7966205,-2.150804731822061,0.48184468219377247
2025-05-12 15:50:43,1,-7.283533666666667,112.796648,0.882381456218287,3.4841077015227038
2025-05-12 15:50:43,1,-7.283533666666667,112.796648,0.882381456218287,3.4841077015227038
2025-05-12 15:50:43,2,-7.283560333333333,112.79662033333334,-2.1691876790141786,0.5189096577471396
2025-05-12 15:50:43,1,-7.283533833333333,112.796648,0.8823814560542577,3.4655752137954012
2025-05-12 15:50:43,1,-7.283533833333333,112.79664816666667,0.9007644029900788,3.4655752137954012
2025-05-12 15:50:44,2,-7.2835605,112.79662033333334,-2.1691876786109394,0.5003771699210755
2025-05-12 15:50:44,1,-7.283533833333333,112.79664816666667,0.9007644029900788,3.4655752137954012
2025-05-12 15:50:44,1,-7.283533833333333,112.79664833333334,0.9191473499258999,3.4655752137954012
2025-05-12 15:50:45,1,-7.283534,112.79664816666667,0.9007644028226323,3.447042725969337
2025-05-12 15:50:45,2,-7.2835608333333335,112.79662,-2.205953570568905,0.46331219436770843
2025-05-12 15:50:45,1,-7.283534,112.79664833333334,0.9191473497550361,3.447042725969337
2025-05-12 15:50:46,1,-7.283534,112.7966485,0.9375302966874399,3.447042725969337
2025-05-12 15:50:46,3,-7.2835445,112.79662166666667,-2.0221241435849593,2.279495996285175
2025-05-12 15:50:46,2,-7.2835615,112.79662016666667,-2.1875706225600573,0.3891822432609742
2025-05-12 15:50:46,4,-7.283574833333334,112.79665233333333,1.36033801417744,-1.0934167786761884
2025-05-12 15:50:46,1,-7.283534166666667,112.7966485,0.9375302965131588,3.4285102382420334
2025-05-12 15:50:46,1,-7.283534166666667,112.7966485,0.9375302965131588,3.4285102382420334
2025-05-12 15:50:47,2,-7.283561166666667,112.79662033333334,-2.1691876769979825,0.42624721881434136
2025-05-12 15:50:47,3,-7.283545166666666,112.7966225,-1.9302094085641262,2.205366045178441
2025-05-12 15:50:47,1,-7.283534333333334,112.79664866666667,0.9559132432644469,3.40997775041597
2025-05-12 15:50:48,4,-7.283574333333333,112.79665216666666,1.341955068830655,-1.0378193152967574
2025-05-12 15:50:48,2,-7.283561166666667,112.79662033333334,-2.1691876769979825,0.42624721881434136
2025-05-12 15:50:48,1,-7.2835345,112.79664883333334,0.9742961900089006,3.3914452626886664
2025-05-12 15:50:48,3,-7.283545833333333,112.79662333333333,-1.838294673679984,2.1312360940717068
2025-05-12 15:50:48,1,-7.2835345,112.79664883333334,0.9742961900089006,3.3914452626886664
2025-05-12 15:50:49,1,-7.2835345,112.79664883333334,0.9742961900089006,3.3914452626886664
2025-05-12 15:50:49,2,-7.283561,112.7966205,-2.150804731022417,0.44477970664040534
2025-05-12 15:50:49,3,-7.283546333333334,112.79662366666666,-1.8015287792957502,2.0756386306922754
2025-05-12 15:50:49,4,-7.2835738333333335,112.79665183333333,1.3051891773476927,-0.982221852016087
2025-05-12 15:50:50,1,-7.2835345,112.79664883333334,0.9742961900089006,3.3914452626886664
2025-05-12 15:50:50,2,-7.283560666666666,112.79662033333334,-2.1691876782077,0.48184468219377247
2025-05-12 15:50:50,3,-7.283547166666667,112.79662383333333,-1.7831458309588444,1.982976191858238
2025-05-12 15:50:50,1,-7.283534666666666,112.796649,0.9926791367465196,3.372912774961363
2025-05-12 15:50:50,1,-7.2835345,112.79664883333334,0.9742961900089006,3.3914452626886664
2025-05-12 15:50:50,4,-7.2835735,112.79665133333333,1.2500403394654216,-0.94515687646272
2025-05-12 15:50:51,2,-7.28356,112.79662033333334,-2.169187679820657,0.5559746333005067
2025-05-12 15:50:51,1,-7.2835345,112.79664883333334,0.9742961900089006,3.3914452626886664
2025-05-12 15:50:51,3,-7.283548,112.7966245,-1.7096140427200548,1.890313753024201
2025-05-12 15:50:51,1,-7.283534666666666,112.79664883333334,0.9742961898277849,3.372912774961363
2025-05-12 15:50:51,1,-7.283534833333333,112.796649,0.9926791365619868,3.3543802871352995
2025-05-12 15:50:52,2,-7.283559833333333,112.79662033333334,-2.169187680223896,0.5745071210278098
2025-05-12 15:50:52,1,-7.283534833333333,112.796649,0.9926791365619868,3.3543802871352995
2025-05-12 15:50:52,3,-7.283549333333333,112.796625,-1.6544651987561323,1.7420538508107324
2025-05-12 15:50:52,4,-7.283573166666667,112.79665133333333,1.2500403399301723,-0.9080919009093528
2025-05-12 15:50:52,1,-7.283535,112.796649,0.9926791363774539,3.335847799407996
2025-05-12 15:50:53,1,-7.283535,112.796649,0.9926791363774539,3.335847799407996
2025-05-12 15:50:53,2,-7.283559666666667,112.79662033333334,-2.169187680627135,0.5930396087551129
2025-05-12 15:50:53,1,-7.283535,112.79664916666667,1.011062083289354,3.335847799407996
2025-05-12 15:50:53,3,-7.283550166666667,112.79662533333334,-1.617699304016501,1.649391411877934
2025-05-12 15:50:53,1,-7.283535166666667,112.79664916666667,1.0110620831014039,3.3173153115819325
2025-05-12 15:50:53,4,-7.283573166666667,112.7966515,1.2684232860595153,-0.9080919009093528
2025-05-12 15:50:54,1,-7.283535166666667,112.79664916666667,1.0110620831014039,3.3173153115819325
2025-05-12 15:50:54,2,-7.283559,112.79662,-2.2059535750797163,0.6671695598618471
2025-05-12 15:50:54,3,-7.283550666666667,112.79662566666667,-1.5809334099329873,1.5937939485972639
2025-05-12 15:50:54,1,-7.283535333333333,112.79664933333333,1.0294450298185192,3.298782823854629
2025-05-12 15:50:55,2,-7.2835585,112.79662,-2.2059535763099376,0.7227670232412783
2025-05-12 15:50:55,1,-7.283535666666666,112.79664966666667,1.066210923232246,3.261717848301262
2025-05-12 15:50:55,4,-7.283573,112.79665133333333,1.2500403401625475,-0.8895594130832888
2025-05-12 15:50:55,3,-7.283552333333334,112.79662683333333,-1.4522527810986043,1.4084690708304284
2025-05-12 15:50:55,1,-7.2835355,112.7966495,1.0478279765287999,3.280250336028565
2025-05-12 15:50:56,1,-7.2835355,112.79664966666667,1.0662109234304482,3.280250336028565
2025-05-12 15:50:56,2,-7.283558333333334,112.79662016666667,-2.18757063028653,0.7412995109685813
2025-05-12 15:50:56,1,-7.2835355,112.79664966666667,1.0662109234304482,3.280250336028565
2025-05-12 15:50:56,3,-7.2835535,112.79662766666667,-1.3603380465459376,1.278741656443024
2025-05-12 15:50:56,4,-7.283572833333333,112.79665116666666,1.2316573942587454,-0.8710269253559857
2025-05-12 15:50:56,1,-7.2835358333333335,112.79664966666667,1.0662109230340442,3.243185360475198
2025-05-12 15:50:57,2,-7.2835581666666664,112.79662033333334,-2.1691876842562876,0.7598319987946454
2025-05-12 15:50:57,3,-7.283554666666666,112.79662866666666,-1.2500403657238184,1.1490142420556195
2025-05-12 15:50:57,1,-7.283538833333333,112.79665166666666,1.286806281466041,2.909600580593655
2025-05-12 15:50:58,1,-7.2835395,112.79665183333333,1.3051892273288375,2.8354706294869207
2025-05-12 15:50:58,2,-7.2835575,112.79662033333334,-2.1691876858692445,0.8339619499013796
2025-05-12 15:50:58,3,-7.283555333333333,112.79662916666666,-1.1948915253093417,1.0748842909488854
2025-05-12 15:50:58,4,-7.2835725,112.79665083333333,1.1948915024306375,-0.8339619498026187
2025-05-12 15:50:59,1,-7.283539666666667,112.79665183333333,1.3051892270862107,2.8169381416608568
2025-05-12 15:50:59,2,-7.283557166666666,112.7966205,-2.1508047402183204,0.8710269254547467
2025-05-12 15:50:59,3,-7.283556333333333,112.79662983333333,-1.1213597380786482,0.9636893642887839
2025-05-12 15:50:59,1,-7.283539833333333,112.796652,1.323572173656383,2.798405653933554
2025-05-12 15:50:59,4,-7.283572833333333,112.79665133333333,1.250040340394923,-0.8710269253559857
2025-05-12 15:50:59,1,-7.283539833333333,112.796652,1.323572173656383,2.798405653933554
2025-05-12 15:51:00,2,-7.2835565,112.79662016666667,-2.1875706347597506,0.94515687646272
2025-05-12 15:51:00,3,-7.2835575,112.79663033333334,-1.0662108957003424,0.8339619499013796
2025-05-12 15:51:00,1,-7.283540333333334,112.79665216666666,1.3419551197207988,2.7428081905541224
2025-05-12 15:51:01,1,-7.2835405,112.79665216666666,1.3419551194713375,2.7242757028268194
2025-05-12 15:51:01,2,-7.283556333333333,112.79662016666667,-2.187570635166407,0.9636893642887839
2025-05-12 15:51:01,4,-7.283573333333333,112.79665166666666,1.2868062319496485,-0.926624388636656
2025-05-12 15:51:01,3,-7.283559,112.796631,-0.9926791082372738,0.6671695598618471
2025-05-12 15:51:01,1,-7.283540666666667,112.79665233333333,1.3603380660175892,2.7057432150007554
2025-05-12 15:51:02,1,-7.283540833333333,112.79665233333333,1.3603380657647108,2.6872107272734524
2025-05-12 15:51:02,2,-7.283556333333333,112.79662016666667,-2.187570635166407,0.9636893642887839
2025-05-12 15:51:02,3,-7.2835635,112.79663283333333,-0.7904666936518774,0.16679239003953247
2025-05-12 15:51:02,1,-7.283541,112.79665233333333,1.3603380655118322,2.668678239546149
2025-05-12 15:51:02,1,-7.283541166666667,112.7966525,1.3787210120444144,2.650145751720085
2025-05-12 15:51:02,4,-7.283573666666666,112.79665183333333,1.30518917759032,-0.963689364190023
2025-05-12 15:51:03,1,-7.283541166666667,112.7966525,1.3787210120444144,2.650145751720085
2025-05-12 15:51:03,2,-7.283556333333333,112.79662083333334,-2.1140388492684528,0.9636893642887839
2025-05-12 15:51:03,3,-7.283565333333334,112.7966335,-0.7169349068756817,-0.037064975553367116
2025-05-12 15:51:03,1,-7.283541666666666,112.7966525,1.3787210112755273,2.594548288439415
2025-05-12 15:51:03,1,-7.283542,112.7966525,1.3787210107629357,2.557483312886048
2025-05-12 15:51:04,2,-7.283556333333333,112.79662133333333,-2.058890009844987,0.9636893642887839
2025-05-12 15:51:04,4,-7.283573666666666,112.79665216666666,1.341955069828502,-0.963689364190023
2025-05-12 15:51:04,3,-7.283566666666666,112.796634,-0.6617860670216383,-0.18532487766807462
2025-05-12 15:51:04,1,-7.283542333333333,112.7966525,1.378721010250344,2.520418337332681
2025-05-12 15:51:05,1,-7.2835425,112.79665216666666,1.341955116477803,2.5018858495066167
2025-05-12 15:51:05,2,-7.2835521666666665,112.796622,-1.9853582331736888,1.4270015586564924
2025-05-12 15:51:05,3,-7.283566,112.7966345,-0.6066372286848685,-0.11119492666010133
2025-05-12 15:51:05,1,-7.2835425,112.7966525,1.3787210099940483,2.5018858495066167
2025-05-12 15:51:05,4,-7.2835738333333335,112.7966525,1.3787209618103882,-0.982221852016087
2025-05-12 15:51:06,1,-7.2835426666666665,112.7966525,1.3787210097377525,2.4833533617793138
2025-05-12 15:51:06,2,-7.283551666666667,112.7966215,-2.0405070739914044,1.4825990219371625
2025-05-12 15:51:06,3,-7.283568,112.79663516666666,-0.5331054423905093,-0.33358477988154306
2025-05-12 15:51:06,1,-7.283543,112.79665266666666,1.3971039559730316,2.446288386225947
2025-05-12 15:51:07,1,-7.283543333333333,112.7966525,1.3787210087125694,2.4092234106725794
2025-05-12 15:51:07,2,-7.283551666666667,112.79661933333334,-2.279485379403645,1.4825990219371625
2025-05-12 15:51:07,3,-7.283569166666667,112.796634,-0.6617860651763054,-0.46331219436770843
2025-05-12 15:51:07,4,-7.2835738333333335,112.796653,1.433869801724834,-0.982221852016087
2025-05-12 15:51:07,1,-7.2835445,112.79665233333333,1.3603380602013833,2.279495996285175
2025-05-12 15:51:07,1,-7.283544833333333,112.7966525,1.378721006405907,2.242431020731808
2025-05-12 15:51:08,2,-7.283551833333333,112.79661566666667,-2.6839102050159385,1.4640665342098595
2025-05-12 15:51:08,1,-7.2835453333333335,112.7966525,1.3787210056370194,2.1868335573523767
2025-05-12 15:51:08,3,-7.283569833333333,112.79663333333333,-0.7353178494749713,-0.5374421453756817
2025-05-12 15:51:08,1,-7.283545666666667,112.7966525,1.3787210051244279,2.1497685817990098
2025-05-12 15:51:08,4,-7.2835735,112.79665233333333,1.3603380162004726,-0.94515687646272
2025-05-12 15:51:08,1,-7.283545833333333,112.7966525,1.378721004868132,2.1312360940717068
2025-05-12 15:51:09,2,-7.283551166666666,112.79661216666666,-3.069952086767962,1.538196485316594
2025-05-12 15:51:09,3,-7.2835695,112.79663133333334,-0.9559132042026328,-0.5003771698223146
2025-05-12 15:51:09,1,-7.283546333333334,112.7966525,1.3787210040992444,2.0756386306922754
2025-05-12 15:51:09,1,-7.283546666666667,112.7966525,1.3787210035866526,2.0385736551389084
2025-05-12 15:51:10,1,-7.283547,112.7966525,1.3787210030740609,2.001508679585541
2025-05-12 15:51:10,2,-7.2835513333333335,112.79661,-3.308930391698366,1.5196639974905295
2025-05-12 15:51:10,1,-7.283547333333333,112.7966525,1.3787210025614691,1.9644437041309353
2025-05-12 15:51:10,3,-7.283570666666667,112.7966285,-1.2684232895964045,-0.6301045843084799
2025-05-12 15:51:10,4,-7.283574,112.7966525,1.3787209615540919,-1.0007543397433902
2025-05-12 15:51:10,1,-7.283547666666666,112.79665283333334,1.4154868969206758,1.9273787285775679
2025-05-12 15:51:11,1,-7.283547833333333,112.796653,1.4338698433063153,1.9088462407515039
2025-05-12 15:51:11,2,-7.283551166666666,112.79660783333334,-3.5479086978589907,1.538196485316594
2025-05-12 15:51:11,3,-7.283569166666667,112.7966255,-1.5993163235229781,-0.46331219436770843
2025-05-12 15:51:11,1,-7.283548333333333,112.796653,1.433869842506672,1.8532487774708337
2025-05-12 15:51:11,1,-7.2835486666666664,112.7966535,1.4890186818686266,1.8161838019174665
2025-05-12 15:51:11,4,-7.283575166666667,112.796652,1.3235721214950105,-1.1304817542295553
2025-05-12 15:51:12,1,-7.283549166666667,112.79665416666667,1.562550467523954,1.7605863385380354
2025-05-12 15:51:12,2,-7.283550833333333,112.79660533333333,-3.823652899554366,1.5752614608699609
2025-05-12 15:51:12,3,-7.283568333333333,112.796622,-1.9853581973742496,-0.3706497554349102
2025-05-12 15:51:12,1,-7.283549833333334,112.79665566666667,1.727996985831941,1.6864563874313014
2025-05-12 15:51:13,1,-7.283550666666667,112.7966555,1.709614037635144,1.5937939485972639
2025-05-12 15:51:13,2,-7.283551166666666,112.79660183333333,-4.209694777889111,1.538196485316594
2025-05-12 15:51:13,3,-7.2835675,112.79661883333333,-2.3346341794520886,-0.27798731660087284
2025-05-12 15:51:13,4,-7.283576,112.7966525,1.3787209584785354,-1.223144193063593
2025-05-12 15:51:13,1,-7.283552,112.79665516666667,1.6728481419660126,1.4455340463837956
2025-05-12 15:51:14,1,-7.283553333333334,112.79664166666667,0.18382946692741992,1.297274144170327
2025-05-12 15:51:14,2,-7.283552333333334,112.7965995,-4.467056024202257,1.4084690708304284
2025-05-12 15:51:14,3,-7.2835675,112.7966165,-2.5919954268895182,-0.27798731660087284
2025-05-12 15:51:14,1,-7.283553333333334,112.79664116666666,0.12868062575199693,1.297274144170327
2025-05-12 15:51:14,4,-7.283576833333333,112.79665083333333,1.194891496655426,-1.3158066318976303
2025-05-12 15:51:15,1,-7.283553833333333,112.79664,0.0,1.2416766808896569
2025-05-12 15:51:15,2,-7.283554,112.79659733333334,-4.706034320688563,1.2231441931623537
2025-05-12 15:51:15,1,-7.283554333333333,112.79663866666667,-0.14706357212396706,1.1860792176089865
2025-05-12 15:51:15,3,-7.283567666666666,112.79661366666667,-2.904505512523608,-0.29651980432817593
2025-05-12 15:51:15,1,-7.2835545,112.79663783333334,-0.23897830465702183,1.1675467297829225
2025-05-12 15:51:16,1,-7.283554666666666,112.79663666666667,-0.3676589301732265,1.1490142420556195
2025-05-12 15:51:16,2,-7.283555166666667,112.79659516666666,-4.9450126206115455,1.0934167786761884
2025-05-12 15:51:16,3,-7.283567166666667,112.79661116666666,-3.180249709496302,-0.24092234104750576
2025-05-12 15:51:16,4,-7.283577333333334,112.7966475,0.827232575110838,-1.3714040952770612
2025-05-12 15:51:16,1,-7.2835545,112.79663616666667,-0.4228077697778079,1.1675467297829225
2025-05-12 15:51:17,1,-7.2835545,112.7966345,-0.6066372364660181,1.1675467297829225
2025-05-12 15:51:17,2,-7.2835565,112.7965925,-5.239139756794698,0.94515687646272
2025-05-12 15:51:17,3,-7.283567833333334,112.79660783333334,-3.547908631905464,-0.31505229215423997
2025-05-12 15:51:17,1,-7.283555333333333,112.79663366666666,-0.698551968377128,1.0748842909488854
2025-05-12 15:51:17,4,-7.283577166666666,112.796647,0.7720837355552072,-1.3528716074509972
2025-05-12 15:51:18,2,-7.283557,112.79658933333333,-5.588415738195915,0.8895594131820498
2025-05-12 15:51:18,1,-7.283556333333333,112.796632,-0.8823814323428731,0.9636893642887839
2025-05-12 15:51:18,3,-7.283568166666667,112.796604,-3.970716395486632,-0.3521172677076071
2025-05-12 15:51:18,1,-7.283556333333333,112.79663133333334,-0.9559132182408272,0.9636893642887839
2025-05-12 15:51:19,1,-7.283556166666667,112.79663116666667,-0.9742961648964317,0.982221852016087
2025-05-12 15:51:19,2,-7.2835581666666664,112.79658533333334,-6.029606445409503,0.7598319987946454
2025-05-12 15:51:19,4,-7.283578,112.7966455,0.6066372205654015,-1.4455340463837956
2025-05-12 15:51:19,3,-7.283569666666667,112.79659983333333,-4.430290045438507,-0.5189096576483787
2025-05-12 15:51:19,1,-7.2835565,112.7966305,-1.047827950418485,0.94515687646272
2025-05-12 15:51:19,1,-7.283556833333333,112.79662983333333,-1.121359737453286,0.9080919010081139
2025-05-12 15:51:20,1,-7.283556833333333,112.79662833333333,-1.286806255631416,0.9080919010081139
2025-05-12 15:51:20,2,-7.283558666666667,112.79658183333333,-6.415648318573903,0.7042345354152142
2025-05-12 15:51:20,3,-7.2835705,112.79659633333333,-4.8163319127525135,-0.611572096482416
2025-05-12 15:51:20,1,-7.283556666666667,112.7966275,-1.3787209882088955,0.9266243887354169
2025-05-12 15:51:20,4,-7.283577833333333,112.79664716666667,0.7904666825821863,-1.4270015585577314
2025-05-12 15:51:20,1,-7.283556833333333,112.79662633333334,-1.507401613202256,0.9080919010081139
2025-05-12 15:51:21,1,-7.283556833333333,112.796625,-1.6544651849161496,0.9080919010081139
2025-05-12 15:51:21,2,-7.2835595,112.7965785,-6.783307242369374,0.6115720965811768
2025-05-12 15:51:21,3,-7.283571,112.79659333333333,-5.147224941194348,-0.6671695598618471
2025-05-12 15:51:21,1,-7.283556833333333,112.79662433333333,-1.7279969723405206,0.9080919010081139
2025-05-12 15:51:22,1,-7.283556666666667,112.796623,-1.8750605444029766,0.9266243887354169
2025-05-12 15:51:22,2,-7.2835608333333335,112.79657666666667,-6.985519642486002,0.46331219436770843
2025-05-12 15:51:22,4,-7.283578666666667,112.79664516666666,0.5698713280811746,-1.5196639974905295
2025-05-12 15:51:22,3,-7.2835715,112.79658983333333,-5.533266809325086,-0.7227670231425173
2025-05-12 15:51:22,1,-7.283556833333333,112.79662266666666,-1.9118264369828875,0.9080919010081139
2025-05-12 15:51:23,1,-7.283558,112.79662033333334,-2.169187684659527,0.7783644865219485
2025-05-12 15:51:23,2,-7.283561333333333,112.79657483333334,-7.187732048681971,0.4077147310870382
2025-05-12 15:51:23,3,-7.283571833333333,112.79658633333334,-5.919308676558188,-0.7598319986958845
2025-05-12 15:51:23,1,-7.283558333333334,112.79661866666666,-2.3530171497552845,0.7412995109685813
2025-05-12 15:51:23,4,-7.283577833333333,112.7966425,0.27574419207230955,-1.4270015585577314
2025-05-12 15:51:23,1,-7.283558333333334,112.79661766666666,-2.4633148283561717,0.7412995109685813
2025-05-12 15:51:24,2,-7.283562166666667,112.79657283333333,-7.408327399827215,0.31505229215423997
2025-05-12 15:51:24,3,-7.283573166666667,112.79658316666666,-6.268584645780205,-0.9080919009093528
2025-05-12 15:51:24,1,-7.283558666666667,112.79661533333334,-2.7206760774133927,0.7042345354152142
2025-05-12 15:51:25,1,-7.283559,112.79661383333334,-2.8861225941801854,0.6671695598618471
2025-05-12 15:51:25,4,-7.2835785,112.79663916666667,-0.0919147300999494,-1.5011315096644657
2025-05-12 15:51:25,2,-7.2835625,112.79656983333334,-7.7392204313377695,0.27798731660087284
2025-05-12 15:51:25,3,-7.283573,112.7965805,-6.562711785069664,-0.8895594130832888
2025-05-12 15:51:25,1,-7.2835595,112.796613,-2.9780373261858712,0.6115720965811768
2025-05-12 15:51:26,1,-7.28356,112.796612,-3.088335002920923,0.5559746333005067
2025-05-12 15:51:26,2,-7.283564,112.79656716666666,-8.033347561033809,0.11119492666010133
2025-05-12 15:51:26,3,-7.283573666666666,112.79657683333333,-6.967136596377211,-0.963689364190023
2025-05-12 15:51:26,1,-7.2835608333333335,112.79661166666666,-3.1251008928148503,0.46331219436770843
2025-05-12 15:51:26,4,-7.283578333333334,112.79663466666666,-0.5882542743164535,-1.4825990219371625
2025-05-12 15:51:27,1,-7.283561333333333,112.79661116666666,-3.1802497301879464,0.4077147310870382
2025-05-12 15:51:27,2,-7.283565333333334,112.79656483333333,-8.290708797146364,-0.037064975553367116
2025-05-12 15:51:27,3,-7.283573333333333,112.796573,-7.389944361431228,-0.926624388636656
2025-05-12 15:51:27,1,-7.283561833333334,112.79661066666667,-3.2353985674995323,0.3521172677076071
2025-05-12 15:51:27,1,-7.283561833333334,112.79660983333333,-3.327313299308124,0.3521172677076071
2025-05-12 15:51:28,1,-7.283562,112.796609,-3.4192280304811,0.333584779980304
2025-05-12 15:51:28,4,-7.283578666666667,112.796632,-0.8823814103629086,-1.5196639974905295
2025-05-12 15:51:28,2,-7.283567166666667,112.79656083333333,-8.731899491817414,-0.24092234104750576
2025-05-12 15:51:28,3,-7.2835738333333335,112.796568,-7.941432742347622,-0.982221852016087
2025-05-12 15:51:28,1,-7.283561333333333,112.79660783333334,-3.547908657627348,0.4077147310870382
2025-05-12 15:51:28,1,-7.283561166666667,112.79660683333333,-3.6582063381066328,0.42624721881434136
2025-05-12 15:51:29,1,-7.2835608333333335,112.7966055,-3.8052699105244856,0.46331219436770843
2025-05-12 15:51:29,2,-7.2835685,112.79655716666667,-9.136324295782332,-0.3891822432609742
2025-05-12 15:51:29,3,-7.2835738333333335,112.79656266666667,-8.529687018049186,-0.982221852016087
2025-05-12 15:51:29,4,-7.283579,112.79662883333333,-1.2316573857872959,-1.556728972945136
2025-05-12 15:51:29,1,-7.2835616666666665,112.79660433333333,-3.9339505315435477,0.37064975553367113
2025-05-12 15:51:30,1,-7.283562,112.79660383333334,-3.989099369155854,0.333584779980304
2025-05-12 15:51:30,2,-7.283570833333333,112.7965535,-9.540749089470365,-0.648637072035783
2025-05-12 15:51:30,3,-7.2835745,112.79655766666667,-9.081175396334272,-1.0563518031228214
2025-05-12 15:51:30,1,-7.283561833333334,112.79660333333334,-4.044248208982559,0.3521172677076071
2025-05-12 15:51:31,1,-7.283565333333334,112.79658,-6.617860680058158,-0.037064975553367116
2025-05-12 15:51:31,4,-7.283578833333333,112.79662616666667,-1.525784522226739,-1.538196485217833
2025-05-12 15:51:31,2,-7.283572833333333,112.79654966666666,-9.963556830887029,-0.8710269253559857
2025-05-12 15:51:31,3,-7.283575,112.7965535,-9.540749045131102,-1.1119492664034913
2025-05-12 15:51:31,1,-7.283564833333333,112.7965795,-6.673009522649445,0.018532487826064023
2025-05-12 15:51:31,1,-7.283565666666667,112.7965795,-6.6730095164470775,-0.07412995110673423
2025-05-12 15:51:32,1,-7.283566,112.79657883333333,-6.7465413006386985,-0.11119492666010133
2025-05-12 15:51:32,2,-7.283576,112.79654733333334,-10.22091804069332,-1.223144193063593
2025-05-12 15:51:32,3,-7.283576333333333,112.7965485,-10.092237414442398,-1.2602091686169599
2025-05-12 15:51:32,4,-7.283579,112.79662233333333,-1.948592281734503,-1.556728972945136
2025-05-12 15:51:32,1,-7.2835685,112.79657933333333,-6.691392443151475,-0.3891822432609742
2025-05-12 15:51:33,2,-7.283578,112.79654466666666,-10.515045155944485,-1.4455340463837956
2025-05-12 15:51:33,1,-7.283569833333333,112.79658066666667,-6.544328862051412,-0.5374421453756817
2025-05-12 15:51:33,3,-7.2835765,112.79654366666666,-10.625342849902653,-1.278741656344263
2025-05-12 15:51:33,1,-7.283571,112.79658066666667,-6.544328853535541,-0.6671695598618471
2025-05-12 15:51:34,4,-7.283578666666667,112.79661883333333,-2.334634150374416,-1.5196639974905295
2025-05-12 15:51:34,2,-7.283577666666667,112.79654,-11.029767650459421,-1.4084690708304284
2025-05-12 15:51:34,1,-7.2835725,112.79657933333333,-6.691392413298084,-0.8339619498026187
2025-05-12 15:51:34,3,-7.283577,112.796539,-11.140065334965378,-1.3343391197236942
2025-05-12 15:51:34,1,-7.283573,112.7965785,-6.78330714023021,-0.8895594130832888
2025-05-12 15:51:35,2,-7.283579166666667,112.79653666666667,-11.397426552132492,-1.5752614607711999
2025-05-12 15:51:35,1,-7.283573666666666,112.79657783333333,-6.856838919662664,-0.963689364190023
2025-05-12 15:51:35,3,-7.283578,112.79653416666666,-11.673170758984563,-1.4455340463837956
2025-05-12 15:51:35,4,-7.283578833333333,112.796614,-2.867739584321925,-1.538196485217833
2025-05-12 15:51:35,1,-7.283574,112.796577,-6.948753647674652,-1.0007543397433902
2025-05-12 15:51:36,1,-7.283574,112.79657566666667,-7.095817216572706,-1.0007543397433902
2025-05-12 15:51:36,2,-7.283581,112.796533,-11.801851341706099,-1.7791188262653386
2025-05-12 15:51:36,3,-7.283578166666667,112.79652983333334,-12.15112735351202,-1.4640665341110985
2025-05-12 15:51:36,1,-7.2835746666666665,112.79657483333334,-7.187731941789354,-1.0748842908501244
2025-05-12 15:51:37,4,-7.283578666666667,112.79661083333333,-3.217015560737325,-1.5196639974905295
2025-05-12 15:51:37,1,-7.283574333333333,112.79657483333334,-7.187731944461671,-1.0378193152967574
2025-05-12 15:51:37,2,-7.2835825,112.79652866666666,-12.279807917915793,-1.94591121620611
2025-05-12 15:51:37,3,-7.283579166666667,112.7965255,-12.629083937690831,-1.5752614607711999
2025-05-12 15:51:37,1,-7.283574333333333,112.79657533333334,-7.132583106145406,-1.0378193152967574
2025-05-12 15:51:38,1,-7.2835735,112.79657516666667,-7.1509660588974455,-0.94515687646272
2025-05-12 15:51:38,2,-7.283582,112.79652316666666,-12.886445142622946,-1.89031375292544
2025-05-12 15:51:38,3,-7.2835798333333335,112.79652083333333,-13.1438064176618,-1.649391411877934
2025-05-12 15:51:38,1,-7.2835711666666665,112.79657616666667,-7.040668400485872,-0.6857020475891502
2025-05-12 15:51:38,4,-7.283579333333333,112.79661,-3.308930288359742,-1.593793948498503
2025-05-12 15:51:38,1,-7.2835711666666665,112.79657516666667,-7.150966077507975,-0.6857020475891502
2025-05-12 15:51:39,2,-7.283581833333334,112.7965185,-13.401167631664501,-1.871781265198137
2025-05-12 15:51:39,1,-7.2835715,112.79657416666667,-7.261263751830424,-0.7227670231425173
2025-05-12 15:51:39,3,-7.2835806666666665,112.79651683333333,-13.584997110425988,-1.7420538507119714
2025-05-12 15:51:39,1,-7.283571333333334,112.79657416666667,-7.261263753180252,-0.7042345354152142
2025-05-12 15:51:39,1,-7.283572166666667,112.79657333333333,-7.353178478747773,-0.7968969742492515
2025-05-12 15:51:39,4,-7.283579166666667,112.7966075,-3.584674480637089,-1.5752614607711999
2025-05-12 15:51:40,2,-7.283581,112.79651483333333,-13.805592457000005,-1.7791188262653386
2025-05-12 15:51:40,1,-7.2835725,112.79657183333333,-7.5186249913010545,-0.8339619498026187
2025-05-12 15:51:40,3,-7.2835805,112.7965135,-13.952656032531012,-1.7235213629846684
2025-05-12 15:51:40,1,-7.2835738333333335,112.796571,-7.610539710698069,-0.982221852016087
2025-05-12 15:51:41,1,-7.283573666666666,112.79656933333334,-7.794369173303736,-0.963689364190023
2025-05-12 15:51:41,2,-7.283581833333334,112.7965115,-14.173251364768403,-1.871781265198137
2025-05-12 15:51:41,4,-7.283578666666667,112.79660383333334,-3.9890992950007975,-1.5196639974905295
2025-05-12 15:51:41,3,-7.283581166666667,112.79651033333333,-14.301931997064507,-1.7976513140914026
2025-05-12 15:51:41,1,-7.283573333333333,112.796568,-7.941432746776424,-0.926624388636656
2025-05-12 15:51:41,1,-7.283573166666667,112.796567,-8.051730425028747,-0.9080919009093528
2025-05-12 15:51:42,1,-7.283574166666667,112.7965655,-8.217176931027678,-1.0192868275694542
2025-05-12 15:51:42,2,-7.2835815,112.79650683333334,-14.687973856875264,-1.8347162896447695
2025-05-12 15:51:42,3,-7.283580833333334,112.79650766666667,-14.596059137936175,-1.7605863385380354
2025-05-12 15:51:42,1,-7.283574166666667,112.796562,-8.603218800880727,-1.0192868275694542
2025-05-12 15:51:42,4,-7.283578666666667,112.79660200000001,-4.191311701183097,-1.5196639974905295
2025-05-12 15:51:43,1,-7.283574333333333,112.796561,-8.713516475913972,-1.0378193152967574
2025-05-12 15:51:43,2,-7.283580833333334,112.796501,-15.331376978389512,-1.7605863385380354
2025-05-12 15:51:43,3,-7.283580333333333,112.7965045,-14.945335121309165,-1.7049888751586044
2025-05-12 15:51:43,1,-7.2835745,112.7965585,-8.989260665824247,-1.0563518031228214
2025-05-12 15:51:44,4,-7.283579333333333,112.79659666666667,-4.779565971726867,-1.593793948498503
2025-05-12 15:51:44,2,-7.283581666666667,112.79649666666667,-15.809333560538448,-1.853248777372073
2025-05-12 15:51:44,3,-7.283581,112.7965005,-15.38652581501311,-1.7791188262653386
2025-05-12 15:51:44,1,-7.2835738333333335,112.796555,-9.375302542505032,-0.982221852016087
2025-05-12 15:51:45,1,-7.283575666666667,112.79655283333334,-9.614280822349153,-1.1860792175102257
2025-05-12 15:51:45,2,-7.283581666666667,112.7964915,-16.37920488671278,-1.853248777372073
2025-05-12 15:51:45,3,-7.283581166666667,112.79649483333333,-16.01154597654092,-1.7976513140914026
2025-05-12 15:51:45,4,-7.283580166666667,112.79659216666667,-5.275905510468879,-1.6864563874313014
2025-05-12 15:51:45,1,-7.283575833333333,112.79655066666666,-9.853259121100002,-1.204611705237529
2025-05-12 15:51:46,1,-7.283575166666667,112.79654966666666,-9.963556804956674,-1.1304817542295553
2025-05-12 15:51:46,2,-7.2835815,112.796486,-16.985842107954806,-1.8347162896447695
2025-05-12 15:51:46,3,-7.283582,112.79649016666667,-16.526268448208985,-1.89031375292544
2025-05-12 15:51:46,1,-7.283575333333333,112.79654783333334,-10.165769210038606,-1.1490142419568585
2025-05-12 15:51:46,4,-7.283581,112.796589,-5.625181480538378,-1.7791188262653386
2025-05-12 15:51:46,1,-7.2835755,112.796546,-10.36798161504536,-1.1675467297829225
2025-05-12 15:51:47,1,-7.283576166666666,112.79654433333333,-10.551811069581706,-1.2416766807908959
2025-05-12 15:51:47,2,-7.283578333333334,112.79647916666667,-17.73954295647579,-1.4825990219371625
2025-05-12 15:51:47,3,-7.283582166666666,112.79648633333333,-16.949076203434892,-1.908846240652743
2025-05-12 15:51:47,1,-7.28358,112.79649483333333,-16.011545997376114,-1.6679238996052375
2025-05-12 15:51:47,1,-7.283578833333333,112.7964935,-16.158609586316548,-1.538196485217833
2025-05-12 15:51:48,4,-7.283582666666667,112.796583,-6.286967525292985,-1.964443704032174
2025-05-12 15:51:48,2,-7.283577666666667,112.79647283333334,-18.43809492064284,-1.4084690708304284
2025-05-12 15:51:48,3,-7.283583,112.79648166666666,-17.463798675224872,-2.001508679585541
2025-05-12 15:51:48,1,-7.283580333333333,112.79649183333333,-16.342439019106394,-1.7049888751586044
2025-05-12 15:51:49,2,-7.283580333333333,112.79646883333334,-18.879285570947257,-1.7049888751586044
2025-05-12 15:51:49,1,-7.283580833333334,112.79649033333334,-16.507885523741827,-1.7605863385380354
2025-05-12 15:51:49,3,-7.2835833333333335,112.796476,-18.088818831609665,-2.0385736551389084
2025-05-12 15:51:49,4,-7.283583166666666,112.79657816666666,-6.820072955159143,-2.0200411673128444
2025-05-12 15:51:49,1,-7.283582,112.79648933333333,-16.618183179517544,-1.89031375292544
2025-05-12 15:51:50,1,-7.283583,112.7964875,-16.82039556618714,-2.001508679585541
2025-05-12 15:51:50,2,-7.283581833333334,112.796464,-19.412390973526385,-1.871781265198137
2025-05-12 15:51:50,3,-7.283583,112.796471,-18.640307217734005,-2.001508679585541
2025-05-12 15:51:50,1,-7.2835825,112.796487,-16.875544413381515,-1.94591121620611
2025-05-12 15:51:50,1,-7.2835825,112.79648583333334,-17.004225034947343,-1.94591121620611
2025-05-12 15:51:50,4,-7.2835841666666665,112.79657333333333,-7.3531783803299495,-2.1312360939729458
2025-05-12 15:51:51,1,-7.2835825,112.79648483333334,-17.11452271057519,-1.94591121620611
2025-05-12 15:51:51,2,-7.283584,112.7964595,-19.908730467676218,-2.112703606245643
2025-05-12 15:51:51,3,-7.2835841666666665,112.79646583333333,-19.210178518063394,-2.1312360939729458
2025-05-12 15:51:51,1,-7.2835825,112.79648383333333,-17.224820387770468,-1.94591121620611
2025-05-12 15:51:51,1,-7.2835815,112.79648433333334,-17.16967156753959,-1.8347162896447695
2025-05-12 15:51:52,1,-7.283581666666667,112.79648366666666,-17.243203349735513,-1.853248777372073
2025-05-12 15:51:52,4,-7.283585166666667,112.79656833333334,-7.904666748627413,-2.2424310206330467
2025-05-12 15:51:52,2,-7.283585166666667,112.79645633333334,-20.25800641355244,-2.2424310206330467
2025-05-12 15:51:52,3,-7.283584333333334,112.79646133333334,-19.70651805380272,-2.1497685817990098
2025-05-12 15:51:52,1,-7.283582166666666,112.79648266666666,-17.35350101578813,-1.908846240652743
2025-05-12 15:51:52,1,-7.283582666666667,112.7964805,-17.592479303259626,-1.964443704032174
2025-05-12 15:51:53,2,-7.283587166666667,112.7964545,-20.460218774194853,-2.46482087395325
2025-05-12 15:51:53,3,-7.2835855,112.79645733333334,-20.147708730761952,-2.279495996186414
2025-05-12 15:51:53,1,-7.283581166666667,112.796478,-17.868223523739832,-1.7976513140914026
2025-05-12 15:51:53,4,-7.283586,112.7965645,-8.327474497770545,-2.3350934594670845
2025-05-12 15:51:54,1,-7.283580833333334,112.79647716666666,-17.960138260243777,-1.7605863385380354
2025-05-12 15:51:54,1,-7.2835806666666665,112.7964765,-18.03367004748473,-1.7420538507119714
2025-05-12 15:51:54,2,-7.283587,112.79645183333334,-20.754345911529626,-2.446288386127186
2025-05-12 15:51:54,3,-7.2835865,112.7964545,-20.460218789408618,-2.3906909228465154
2025-05-12 15:51:54,1,-7.283580833333334,112.79647516666667,-18.180733611909552,-1.7605863385380354
2025-05-12 15:51:55,1,-7.28358,112.79647333333334,-18.38294603468961,-1.6679238996052375
2025-05-12 15:51:55,4,-7.283586666666666,112.796559,-8.934111706279756,-2.409223410573819
2025-05-12 15:51:55,2,-7.283586833333334,112.79644866666666,-21.103621888088554,-2.427755898399883
2025-05-12 15:51:55,3,-7.283586833333334,112.7964535,-20.57051645689649,-2.427755898399883
2025-05-12 15:51:55,1,-7.2835795,112.79647183333333,-18.548392560504265,-1.612326436324567
2025-05-12 15:51:55,1,-7.283579,112.79647066666666,-18.677073192916556,-1.556728972945136
2025-05-12 15:51:56,2,-7.283587666666667,112.79644383333333,-21.63672729916988,-2.5204183372339197
2025-05-12 15:51:56,3,-7.283587666666667,112.7964505,-20.901409462753467,-2.5204183372339197
2025-05-12 15:51:56,1,-7.283578833333333,112.796468,-18.971200332599008,-1.538196485217833
2025-05-12 15:51:56,4,-7.283587166666667,112.796554,-9.485600078133508,-2.46482087395325
2025-05-12 15:51:57,1,-7.283579666666666,112.79646683333333,-19.099880938505716,-1.63085892405187
2025-05-12 15:51:57,2,-7.283589,112.7964385,-22.224981534310547,-2.6686782394473885
2025-05-12 15:51:57,3,-7.2835875,112.796445,-21.50804668077641,-2.5018858495066167
2025-05-12 15:51:57,1,-7.28358,112.79646633333333,-19.155029769372298,-1.6679238996052375
2025-05-12 15:51:57,1,-7.2835805,112.79646566666666,-19.228561542605792,-1.7235213629846684
2025-05-12 15:51:57,4,-7.283586666666666,112.796553,-9.595897758538724,-2.409223410573819
2025-05-12 15:51:58,1,-7.2835806666666665,112.7964655,-19.246944485006882,-1.7420538507119714
2025-05-12 15:51:58,2,-7.283589666666667,112.796433,-22.831618730456015,-2.7428081905541224
2025-05-12 15:51:58,3,-7.2835885,112.7964395,-22.114683870247912,-2.613080776067957
2025-05-12 15:51:58,1,-7.283581166666667,112.79646716666667,-19.063115013052624,-1.7976513140914026
2025-05-12 15:51:58,1,-7.283581166666667,112.79646733333334,-19.04473206708731,-1.7976513140914026
2025-05-12 15:51:59,2,-7.2835895,112.79643033333333,-23.125745867411467,-2.7242757027280584
2025-05-12 15:51:59,1,-7.283581166666667,112.7964675,-19.026349121121996,-1.7976513140914026
2025-05-12 15:51:59,4,-7.2835855,112.79655083333333,-9.834876068986947,-2.279495996186414
2025-05-12 15:51:59,3,-7.283587666666667,112.79643616666667,-22.482342809011104,-2.5204183372339197
2025-05-12 15:51:59,1,-7.283581,112.79646733333334,-19.04473207062762,-1.7791188262653386
2025-05-12 15:51:59,1,-7.283581,112.79646766666667,-19.007966178690154,-1.7791188262653386
2025-05-12 15:52:00,2,-7.283589166666666,112.79642783333334,-23.401490063028618,-2.6872107271746914
2025-05-12 15:52:00,1,-7.283581,112.79646833333334,-18.934434394815234,-1.7791188262653386
2025-05-12 15:52:00,3,-7.283584,112.796435,-22.611023522307175,-2.112703606245643
2025-05-12 15:52:00,1,-7.283580333333333,112.79646866666667,-18.897668516929656,-1.7049888751586044
2025-05-12 15:52:00,4,-7.2835865,112.79654566666666,-10.404747381119641,-2.3906909228465154
2025-05-12 15:52:00,1,-7.283579,112.7964685,-18.916051491043152,-1.556728972945136
2025-05-12 15:52:01,1,-7.283578333333334,112.79646816666667,-18.952817397155513,-1.4825990219371625
2025-05-12 15:52:01,2,-7.283585666666666,112.796427,-23.493404885315627,-2.298028483913717
2025-05-12 15:52:01,3,-7.283580166666667,112.79643516666667,-22.592640672996392,-1.6864563874313014
2025-05-12 15:52:01,1,-7.283578,112.79646783333334,-18.98958329626244,-1.4455340463837956
2025-05-12 15:52:02,4,-7.2835865,112.7965415,-10.864321027518645,-2.3906909228465154
2025-05-12 15:52:02,1,-7.283577666666667,112.79646716666667,-19.06311508747086,-1.4084690708304284
2025-05-12 15:52:02,2,-7.283580333333333,112.796428,-23.383107347607158,-1.7049888751586044
2025-05-12 15:52:02,3,-7.2835755,112.79643616666667,-22.482343114103013,-1.1675467297829225
2025-05-12 15:52:02,1,-7.283578166666667,112.79646633333333,-19.155029808541226,-1.4640665341110985
2025-05-12 15:52:02,1,-7.283579166666667,112.79646633333333,-19.155029787176357,-1.5752614607711999
2025-05-12 15:52:03,2,-7.283572833333333,112.79642833333334,-23.346341650940207,-0.8710269253559857
2025-05-12 15:52:03,3,-7.283572166666667,112.7964355,-22.555874982289176,-0.7968969742492515
2025-05-12 15:52:03,4,-7.283586666666666,112.79653716666667,-11.342277619232567,-2.409223410573819
2025-05-12 15:52:03,1,-7.2835785,112.7964545,-20.460218971973735,-1.5011315096644657
2025-05-12 15:52:04,1,-7.283578,112.79645483333333,-20.423453091323566,-1.4455340463837956
2025-05-12 15:52:04,2,-7.283568,112.79643033333333,-23.125746421975418,-0.33358477988154306
2025-05-12 15:52:04,1,-7.283577166666666,112.7964555,-20.349921326117276,-1.3528716074509972
2025-05-12 15:52:04,3,-7.283568833333334,112.79643283333333,-22.850002207207826,-0.42624721881434136
2025-05-12 15:52:04,4,-7.283586333333333,112.796533,-11.80185127150136,-2.3721584350204514
2025-05-12 15:52:05,1,-7.283575833333333,112.79645566666667,-20.331538408738663,-1.204611705237529
2025-05-12 15:52:05,2,-7.283562166666667,112.79643416666667,-22.70293880470862,0.31505229215423997
2025-05-12 15:52:05,3,-7.283565666666667,112.796431,-23.052214697028127,-0.07412995110673423
2025-05-12 15:52:05,1,-7.2835755,112.79645466666666,-20.441836094354127,-1.1675467297829225
2025-05-12 15:52:05,1,-7.283575,112.79645383333333,-20.533750836212956,-1.1119492664034913
2025-05-12 15:52:06,4,-7.283586166666667,112.7965315,-11.967297786460408,-2.3536259472931484
2025-05-12 15:52:06,2,-7.283557166666666,112.7964385,-22.224982323426435,0.8710269254547467
2025-05-12 15:52:06,1,-7.2835746666666665,112.796454,-20.51536789774858,-1.0748842908501244
2025-05-12 15:52:06,3,-7.283562,112.79643066666667,-23.088980684020708,0.333584779980304
2025-05-12 15:52:06,1,-7.283575,112.7964545,-20.460219051845943,-1.1119492664034913
2025-05-12 15:52:06,1,-7.2835746666666665,112.7964545,-20.460219059452818,-1.0748842908501244
2025-05-12 15:52:07,2,-7.283554166666667,112.7964405,-22.004387037998903,1.2046117053362897
2025-05-12 15:52:07,3,-7.283557833333333,112.79642883333334,-23.291193202204404,0.7968969743480124
2025-05-12 15:52:07,1,-7.283573666666666,112.796455,-20.40507024391617,-0.963689364190023
2025-05-12 15:52:07,4,-7.2835865,112.796529,-12.243041969850504,-2.3906909228465154
2025-05-12 15:52:07,1,-7.283572333333334,112.79645666666667,-20.221240811229936,-0.8154294620753155
2025-05-12 15:52:08,2,-7.283551666666667,112.79644183333333,-21.85732352679478,1.4825990219371625
2025-05-12 15:52:08,1,-7.283572333333334,112.79645666666667,-20.221240811229936,-0.8154294620753155
2025-05-12 15:52:08,3,-7.2835545,112.79642833333334,-23.346342128334523,1.1675467297829225
2025-05-12 15:52:08,1,-7.283572833333333,112.79645683333334,-20.20285785381672,-0.8710269253559857
2025-05-12 15:52:08,4,-7.283586833333334,112.7965235,-12.849679179887245,-2.427755898399883
2025-05-12 15:52:09,1,-7.283573166666667,112.79645733333334,-20.1477090079175,-0.9080919009093528
2025-05-12 15:52:09,2,-7.283555,112.79644666666667,-21.32421799541147,1.1119492665022526
2025-05-12 15:52:09,3,-7.283551,112.7964285,-23.32795927288953,1.556728973043897
2025-05-12 15:52:09,1,-7.2835738333333335,112.796458,-20.074177208473433,-0.982221852016087
2025-05-12 15:52:09,1,-7.283574,112.7964585,-20.01902836640499,-1.0007543397433902
2025-05-12 15:52:10,1,-7.283573166666667,112.79645833333333,-20.037411331141445,-0.9080919009093528
2025-05-12 15:52:10,2,-7.283551,112.79644916666666,-21.048473891790916,1.556728973043897
2025-05-12 15:52:10,4,-7.283587166666667,112.79651866666667,-13.382784606103739,-2.46482087395325
2025-05-12 15:52:10,3,-7.283547,112.79642966666667,-23.199278750305176,2.001508679585541
2025-05-12 15:52:10,1,-7.283572666666666,112.79645816666667,-20.05579428845556,-0.8524944375299216
2025-05-12 15:52:11,1,-7.283570166666666,112.79645766666667,-20.11094318295197,-0.5745071209290489
2025-05-12 15:52:11,2,-7.283548,112.79645383333333,-20.53375145458374,1.890313753024201
2025-05-12 15:52:11,3,-7.283543,112.79643116666666,-23.03383233307685,2.446288386225947
2025-05-12 15:52:11,1,-7.2835695,112.79645766666667,-20.110943197906003,-0.5003771698223146
2025-05-12 15:52:11,4,-7.283586,112.796513,-14.00780478453687,-2.3350934594670845
2025-05-12 15:52:11,1,-7.283568666666667,112.79645816666667,-20.05579437793372,-0.40771473098827726
2025-05-12 15:52:12,2,-7.283551,112.79645883333333,-19.98226298679326,1.556728973043897
2025-05-12 15:52:12,3,-7.283540333333334,112.796435,-22.611024623560407,2.7428081905541224
2025-05-12 15:52:12,1,-7.2835655,112.79645766666667,-20.11094328763019,-0.055597463280670195
2025-05-12 15:52:12,1,-7.283565333333334,112.79645716666667,-20.166092130238564,-0.037064975553367116
2025-05-12 15:52:13,4,-7.283586,112.79650833333334,-14.522527270358228,-2.3350934594670845
2025-05-12 15:52:13,2,-7.283552833333333,112.79646216666667,-19.614604013440395,1.3528716075497582
2025-05-12 15:52:13,3,-7.2835405,112.79644,-22.059536213815832,2.7242757028268194
2025-05-12 15:52:13,1,-7.283565833333333,112.796457,-20.18447506527199,-0.09266243883403731
2025-05-12 15:52:13,1,-7.2835655,112.79645666666667,-20.221240965349416,-0.055597463280670195
2025-05-12 15:52:14,1,-7.2835645,112.79645633333334,-20.258006880517566,0.05559746337943113
2025-05-12 15:52:14,2,-7.283554166666667,112.79646583333333,-19.210179160854405,1.2046117053362897
2025-05-12 15:52:14,3,-7.283541333333333,112.7964445,-21.56319662862957,2.631613263992782
2025-05-12 15:52:14,4,-7.283585833333333,112.7965055,-14.835037354409005,-2.316560971739781
2025-05-12 15:52:14,1,-7.283563666666667,112.79645616666667,-20.27638984567092,0.14825990221346846
2025-05-12 15:52:14,1,-7.283562666666667,112.796456,-20.294772814631123,0.2594548288735698
2025-05-12 15:52:15,2,-7.2835548333333335,112.79646983333333,-18.76898842887689,1.1304817542295553
2025-05-12 15:52:15,1,-7.2835615,112.7964565,-20.239624001934217,0.3891822432609742
2025-05-12 15:52:15,3,-7.283542,112.7964495,-21.01170820954447,2.557483312886048
2025-05-12 15:52:15,1,-7.283561333333333,112.796457,-20.184475166580736,0.4077147310870382
2025-05-12 15:52:15,4,-7.2835865,112.796502,-15.221079206353163,-2.3906909228465154
2025-05-12 15:52:16,1,-7.2835615,112.79645766666667,-20.11094337735435,0.3891822432609742
2025-05-12 15:52:16,2,-7.2835545,112.79647316666667,-18.401329504045986,1.1675467297829225
2025-05-12 15:52:16,3,-7.283543333333333,112.79645366666666,-20.552134508203558,2.4092234106725794
2025-05-12 15:52:16,1,-7.283562,112.796458,-20.07417747342223,0.333584779980304
2025-05-12 15:52:17,1,-7.283562,112.7964585,-20.019028634347325,0.333584779980304
2025-05-12 15:52:17,4,-7.283587,112.79649883333333,-15.570355170500505,-2.446288386127186
2025-05-12 15:52:17,2,-7.2835545,112.79647616666666,-18.07043646682857,1.1675467297829225
2025-05-12 15:52:17,1,-7.283562333333333,112.79645933333333,-19.927113895147155,0.29651980442693693
2025-05-12 15:52:17,3,-7.283544333333333,112.79645916666666,-19.94549724193546,2.298028484012478
2025-05-12 15:52:17,1,-7.283562833333334,112.79645983333333,-19.87196504501051,0.24092234104750576
2025-05-12 15:52:18,1,-7.283563833333333,112.79646066666666,-19.780050291242464,0.12972741448616537
2025-05-12 15:52:18,2,-7.283558,112.79648216666666,-17.40865032286686,0.7783644865219485
2025-05-12 15:52:18,3,-7.283546,112.79646583333333,-19.210179335836177,2.112703606245643
2025-05-12 15:52:18,1,-7.283563333333333,112.7964605,-19.798433248604415,0.18532487776683557
2025-05-12 15:52:18,4,-7.283587333333333,112.79649383333333,-16.12184354144525,-2.4833533616805528
2025-05-12 15:52:18,1,-7.283562833333334,112.79646083333333,-19.76166736696322,0.24092234104750576
2025-05-12 15:52:19,1,-7.283563,112.79646133333334,-19.706518522708826,0.22238985332020267
2025-05-12 15:52:19,2,-7.283561,112.79648983333334,-16.56303472805602,0.44477970664040534
2025-05-12 15:52:19,3,-7.283547333333333,112.79647366666667,-18.346180811158867,1.9644437041309353
2025-05-12 15:52:19,1,-7.283563666666667,112.79646166666667,-19.669752615407265,0.14825990221346846
2025-05-12 15:52:19,1,-7.2835645,112.7964625,-19.577837865589597,0.05559746337943113
2025-05-12 15:52:20,4,-7.283588,112.79649016666667,-16.526268337611906,-2.5574833127872867
2025-05-12 15:52:20,1,-7.283565,112.79646333333334,-19.485923123187433,0.0
2025-05-12 15:52:20,2,-7.283560666666666,112.79649483333333,-16.011546342644788,0.48184468219377247
2025-05-12 15:52:20,3,-7.2835495,112.796482,-17.42703343452582,1.7235213629846684
2025-05-12 15:52:20,1,-7.2835915,112.79650133333334,-15.294610904481496,-2.946665556048261
2025-05-12 15:52:20,1,-7.2835915,112.7965015,-15.276227958728056,-2.946665556048261
2025-05-12 15:52:21,1,-7.2835915,112.7965015,-15.276227958728056,-2.946665556048261
2025-05-12 15:52:21,2,-7.283560666666666,112.7964985,-15.607121520593301,0.48184468219377247
2025-05-12 15:52:21,3,-7.283551666666667,112.79648916666666,-16.636566688326436,1.4825990219371625
2025-05-12 15:52:21,1,-7.283591166666667,112.79650233333334,-15.184313235606208,-2.909600580494894
2025-05-12 15:52:21,4,-7.283588166666667,112.79648533333334,-17.05937376493902,-2.576015800613351
2025-05-12 15:52:22,2,-7.283560666666666,112.79650666666667,-14.706357144562132,0.48184468219377247
2025-05-12 15:52:22,3,-7.283553833333333,112.79649583333334,-15.901248783957389,1.2416766808896569
2025-05-12 15:52:22,1,-7.283591,112.79650266666667,-15.1475473469015,-2.891068092767591
2025-05-12 15:52:22,1,-7.2835905,112.79650283333334,-15.129164409575095,-2.8354706293881597
2025-05-12 15:52:22,4,-7.283588166666667,112.79648183333333,-17.44541562876398,-2.576015800613351
2025-05-12 15:52:23,1,-7.2835905,112.796503,-15.110781463801148,-2.8354706293881597
2025-05-12 15:52:23,2,-7.28356,112.79651133333333,-14.191634656316799,0.5559746333005067
2025-05-12 15:52:23,3,-7.283555,112.79650316666667,-15.092399115617956,1.1119492665022526
2025-05-12 15:52:23,1,-7.283590833333333,112.79650383333333,-15.018866729347572,-2.8725356049415267
2025-05-12 15:52:23,1,-7.283591833333333,112.79650516666666,-14.871803146623169,-2.983730531601628
2025-05-12 15:52:24,2,-7.283561333333333,112.79651633333333,-13.64014624248514,0.4077147310870382
2025-05-12 15:52:24,3,-7.283557,112.79650966666667,-14.375464168411526,0.8895594131820498
2025-05-12 15:52:24,1,-7.283593166666667,112.79650516666666,-14.871803124506476,-3.1319904338150972
2025-05-12 15:52:24,4,-7.283587333333333,112.79647783333333,-17.886606346679404,-2.4833533616805528
2025-05-12 15:52:24,1,-7.283593333333333,112.7965065,-14.724739554447652,-3.1505229215423998
2025-05-12 15:52:25,1,-7.2835935,112.7965075,-14.614441877435798,-3.169055409368464
2025-05-12 15:52:25,2,-7.283564666666667,112.79652216666666,-12.996743069578399,0.037064975553367116
2025-05-12 15:52:25,3,-7.283559,112.796515,-13.787209849342357,0.6671695598618471
2025-05-12 15:52:25,1,-7.283594666666667,112.7965115,-14.173251161894273,-3.298782823755868
2025-05-12 15:52:25,4,-7.2835865,112.79647633333333,-18.052052876008148,-2.3906909228465154
2025-05-12 15:52:26,2,-7.283563833333333,112.796526,-12.573935314714713,0.12972741448616537
2025-05-12 15:52:26,1,-7.283594833333333,112.79651366666667,-13.934272863785877,-3.3173153114831715
2025-05-12 15:52:26,3,-7.2835615,112.79652133333333,-13.088657847325509,0.3891822432609742
2025-05-12 15:52:26,1,-7.283594833333333,112.79651483333333,-13.805592243990205,-3.3173153114831715
2025-05-12 15:52:27,1,-7.283596666666667,112.79651783333334,-13.474699192537454,-3.5211726770760707
2025-05-12 15:52:27,4,-7.283588,112.7964715,-18.585158276304515,-2.5574833127872867
2025-05-12 15:52:27,2,-7.283561333333333,112.79653066666667,-12.05921284979344,0.4077147310870382
2025-05-12 15:52:27,3,-7.283562333333333,112.7965285,-12.298191140479506,0.29651980442693693
2025-05-12 15:52:27,1,-7.283597,112.7965195,-13.290869731120994,-3.558237652629438
2025-05-12 15:52:27,1,-7.283597666666667,112.79652083333333,-13.14380615622218,-3.632367603736172
2025-05-12 15:52:28,2,-7.283562833333334,112.79653683333333,-11.379043813425445,0.24092234104750576
2025-05-12 15:52:28,1,-7.283598666666666,112.7965215,-13.070274359136013,-3.743562530297513
2025-05-12 15:52:28,3,-7.283563166666666,112.79653583333334,-11.489341487201132,0.2038573655928996
2025-05-12 15:52:28,4,-7.283588666666667,112.79646566666666,-19.228561367456162,-2.631613263894021
2025-05-12 15:52:28,1,-7.2835996666666665,112.79652333333334,-12.868061941544491,-3.854757456957614
2025-05-12 15:52:29,1,-7.283600333333333,112.7965255,-12.62908363953585,-3.928887408064348
2025-05-12 15:52:29,2,-7.283562833333334,112.79654333333333,-10.662108904550653,0.24092234104750576
2025-05-12 15:52:29,1,-7.283600833333334,112.796527,-12.463637122434154,-3.9844848714437795
2025-05-12 15:52:29,3,-7.2835645,112.796542,-10.809172455186753,0.05559746337943113
2025-05-12 15:52:29,1,-7.2836015,112.79652766666666,-12.390105330972846,-4.058614822451752
2025-05-12 15:52:29,4,-7.28359,112.796459,-19.963879171795604,-2.77987316610749
2025-05-12 15:52:30,1,-7.2836023333333335,112.79652966666667,-12.169509971513337,-4.151277261384551
2025-05-12 15:52:30,2,-7.283563,112.79654983333333,-9.945173993827112,0.22238985332020267
2025-05-12 15:52:30,3,-7.2835651666666665,112.79654883333333,-10.0554716475536,-0.01853248772730309
2025-05-12 15:52:30,1,-7.283602666666667,112.7965315,-11.96729756621953,-4.188342236937919
2025-05-12 15:52:31,1,-7.283603,112.796533,-11.801851052111381,-4.225407212491286
2025-05-12 15:52:31,2,-7.283564,112.796556,-9.265004967427327,0.11119492666010133
2025-05-12 15:52:31,4,-7.28359,112.79645416666666,-20.496984601104742,-2.77987316610749
2025-05-12 15:52:31,3,-7.283563333333333,112.79655183333334,-9.724578632590637,0.18532487776683557
2025-05-12 15:52:31,1,-7.2836045,112.79653683333333,-11.379043284600312,-4.392199602432057
2025-05-12 15:52:32,1,-7.283605833333334,112.79653916666666,-11.121682031244118,-4.540459504645525
2025-05-12 15:52:32,2,-7.283566666666666,112.7965625,-8.548070034060872,-0.18532487766807462
2025-05-12 15:52:32,3,-7.283562333333333,112.79655466666667,-9.41206855546216,0.29651980442693693
2025-05-12 15:52:32,4,-7.283588,112.7964505,-20.901409454982556,-2.5574833127872867
2025-05-12 15:52:32,1,-7.283606166666667,112.79654133333334,-10.882703734656413,-4.577524480198892
2025-05-12 15:52:33,1,-7.283606333333333,112.79654266666667,-10.735640169038954,-4.596056967926195
2025-05-12 15:52:33,2,-7.283567166666667,112.79656833333334,-7.904666907326131,-0.24092234104750576
2025-05-12 15:52:33,3,-7.283561333333333,112.79655833333334,-9.007643744209284,0.4077147310870382
2025-05-12 15:52:33,1,-7.2836065,112.79654266666667,-10.735640167043254,-4.6145894557522595
2025-05-12 15:52:33,1,-7.2836065,112.7965425,-10.754023112489138,-4.6145894557522595
2025-05-12 15:52:34,4,-7.283585333333333,112.79644866666666,-21.10362192339597,-2.26096350836035
2025-05-12 15:52:34,1,-7.283606166666667,112.79654283333333,-10.717257225581934,-4.577524480198892
2025-05-12 15:52:34,2,-7.283567833333334,112.79657433333334,-7.242880835287922,-0.31505229215423997
2025-05-12 15:52:34,3,-7.2835615,112.79656266666667,-8.529687135385018,0.3891822432609742
2025-05-12 15:52:34,1,-7.283606,112.79654416666666,-10.570193663925117,-4.558991992372828
2025-05-12 15:52:34,1,-7.283606,112.79654466666666,-10.515044827556704,-4.558991992372828
2025-05-12 15:52:35,1,-7.283605833333334,112.79654666666667,-10.294449482429316,-4.540459504645525
2025-05-12 15:52:35,2,-7.2835675,112.79658033333334,-6.581094771574214,-0.27798731660087284
2025-05-12 15:52:35,3,-7.283561333333333,112.7965685,-7.88628401238426,0.4077147310870382
2025-05-12 15:52:35,1,-7.283605833333334,112.79654833333333,-10.110620027833772,-4.540459504645525
2025-05-12 15:52:35,4,-7.283584,112.79644666666667,-21.324217305666966,-2.112703606245643
2025-05-12 15:52:35,1,-7.283606166666667,112.79655033333333,-9.890024678642112,-4.577524480198892
2025-05-12 15:52:36,2,-7.283566666666666,112.79658966666666,-5.551649785417171,-0.18532487766807462
2025-05-12 15:52:36,1,-7.2836065,112.796552,-9.706195218938827,-4.6145894557522595
2025-05-12 15:52:36,3,-7.283560666666666,112.79657233333333,-7.463476251378612,0.48184468219377247
2025-05-12 15:52:36,1,-7.2836075,112.796552,-9.706195208112845,-4.725784382313599
2025-05-12 15:52:36,4,-7.283581333333333,112.79644516666667,-21.489663882748868,-1.8161838018187055
2025-05-12 15:52:37,1,-7.283618166666667,112.79659466666666,-5.00016110875494,-5.911863599922587
2025-05-12 15:52:37,2,-7.2835655,112.7965945,-5.018544348764278,-0.055597463280670195
2025-05-12 15:52:37,3,-7.283560333333333,112.79657633333333,-7.022285539166649,0.5189096577471396
2025-05-12 15:52:38,1,-7.283617333333333,112.79659466666666,-5.00016111340246,-5.819201160989788
2025-05-12 15:52:38,4,-7.283577166666666,112.79644316666666,-21.710259336754408,-1.3528716074509972
2025-05-12 15:52:38,2,-7.283564833333333,112.7965985,-4.5773536397235555,0.018532487826064023
2025-05-12 15:52:38,3,-7.283559666666667,112.79658,-6.6178607218856875,0.5930396087551129
2025-05-12 15:52:38,1,-7.283615666666667,112.79659666666667,-4.7795657780348675,-5.6338762833217135
2025-05-12 15:52:39,1,-7.283615833333333,112.79659816666667,-4.614119269855718,-5.652408771049017
2025-05-12 15:52:39,2,-7.283565833333333,112.79660466666667,-3.897184620701682,-0.09266243883403731
2025-05-12 15:52:39,3,-7.283560166666667,112.79658566666667,-5.992840539167304,0.5374421454744427
2025-05-12 15:52:39,1,-7.283615833333333,112.79659983333333,-4.430289817310548,-5.652408771049017
2025-05-12 15:52:39,4,-7.283573166666667,112.796442,-21.83894005651933,-0.9080919009093528
2025-05-12 15:52:39,1,-7.283616166666667,112.79660200000001,-4.191311525876119,-5.689473746602384
2025-05-12 15:52:40,1,-7.283616666666667,112.796604,-3.9707161806895237,-5.745071209981815
2025-05-12 15:52:40,2,-7.2835645,112.796608,-3.529525698789134,0.05559746337943113
2025-05-12 15:52:40,3,-7.283559666666667,112.79659116666667,-5.3862033095392645,0.5930396087551129
2025-05-12 15:52:40,1,-7.283617333333333,112.79660633333333,-3.7133549446043235,-5.819201160989788
2025-05-12 15:52:40,1,-7.283617666666666,112.79660866666667,-3.4559937086193386,-5.856266136543155
2025-05-12 15:52:41,4,-7.283568,112.79644,-22.059535537194403,-0.33358477988154306
2025-05-12 15:52:41,2,-7.283566,112.79661283333333,-2.9964202508717706,-0.11119492666010133
2025-05-12 15:52:41,3,-7.283559333333334,112.796597,-4.7428001855201565,0.6301045843084799
2025-05-12 15:52:41,1,-7.2836195,112.79661333333334,-2.9412712349635277,-6.060123502136054
2025-05-12 15:52:41,1,-7.28362,112.7966155,-2.7022929461251266,-6.115720965416725
2025-05-12 15:52:42,1,-7.283621,112.79661816666666,-2.4081658207337795,-6.226915892076826
2025-05-12 15:52:42,2,-7.283565833333333,112.79661716666666,-2.5184636465890726,-0.09266243883403731
2025-05-12 15:52:42,3,-7.2835595,112.7966025,-4.136162951555588,0.6115720965811768
2025-05-12 15:52:42,1,-7.283621666666667,112.7966205,-2.15080458548693,-6.301045843183561
2025-05-12 15:52:42,4,-7.283563333333333,112.7964385,-22.224982170561187,0.18532487776683557
2025-05-12 15:52:43,1,-7.2836235,112.79662416666666,-1.7463797889478005,-6.504903208677699
2025-05-12 15:52:43,2,-7.2835643333333335,112.79662083333334,-2.1140388304050597,0.07412995110673423
2025-05-12 15:52:43,3,-7.283558666666667,112.796609,-3.4192280431933866,0.7042345354152142
2025-05-12 15:52:43,1,-7.283624666666666,112.79662633333334,-1.5074014991536708,-6.634630623065103
2025-05-12 15:52:43,1,-7.283626,112.79662966666666,-1.1397425959906862,-6.782890525278573
2025-05-12 15:52:43,4,-7.2835605,112.796435,-22.611024114966764,0.5003771699210755
2025-05-12 15:52:44,2,-7.283564833333333,112.79662566666667,-1.5809333849526648,0.018532487826064023
2025-05-12 15:52:44,3,-7.283557833333333,112.79661533333334,-2.7206760799421805,0.7968969743480124
2025-05-12 15:52:44,1,-7.283626666666667,112.79663183333334,-0.9007643081546672,-6.857020476385307
2025-05-12 15:52:44,1,-7.283627,112.79663383333333,-0.6801689675130748,-6.894085451938674
2025-05-12 15:52:45,1,-7.283627666666667,112.7966355,-0.4963395168884254,-6.9682154030454075
2025-05-12 15:52:45,2,-7.283563833333333,112.79663133333334,-0.955913210244389,0.12972741448616537
2025-05-12 15:52:45,4,-7.283558,112.79643366666667,-22.75808774953813,0.7783644865219485
2025-05-12 15:52:45,3,-7.2835575,112.79662116666667,-2.0772729536164065,0.8339619499013796
2025-05-12 15:52:45,1,-7.2836281666666665,112.7966365,-0.38604184503437794,-7.023812866326078
2025-05-12 15:52:46,1,-7.283629,112.7966405,0.05514883495365167,-7.116475305258876
2025-05-12 15:52:46,2,-7.2835643333333335,112.79663566666666,-0.4779566056393586,0.07412995110673423
2025-05-12 15:52:46,3,-7.283557,112.79662583333334,-1.5625504523044975,0.8895594131820498
2025-05-12 15:52:46,1,-7.283629333333334,112.79664216666667,0.23897828627773168,-7.153540280812243
2025-05-12 15:52:46,4,-7.283552666666667,112.79643466666667,-22.64779020561909,1.3714040952770612
2025-05-12 15:52:46,1,-7.283629333333334,112.796644,0.4411906810326072,-7.153540280812243
2025-05-12 15:52:47,2,-7.283564166666666,112.79663933333333,-0.07353178525550519,0.09266243893279824
2025-05-12 15:52:47,1,-7.283629833333333,112.79664533333333,0.5882542405262745,-7.209137744092914
2025-05-12 15:52:47,3,-7.283557333333333,112.79663083333334,-1.0110620565365904,0.8524944376286827
2025-05-12 15:52:47,1,-7.28363,112.79664666666666,0.7353178001292949,-7.227670231820217
2025-05-12 15:52:47,1,-7.283630333333333,112.79664766666667,0.8456154711666085,-7.264735207373584
2025-05-12 15:52:48,4,-7.2835461666666665,112.79643466666667,-22.647790369812498,2.0941711185183394
2025-05-12 15:52:48,2,-7.2835635,112.79664516666666,0.5698713377213324,0.16679239003953247
2025-05-12 15:52:48,3,-7.283556333333333,112.79663633333334,-0.40442482243874744,0.9636893642887839
2025-05-12 15:52:48,1,-7.283630166666667,112.79664833333334,0.9191472511663221,-7.246202719646281
2025-05-12 15:52:48,1,-7.283630166666667,112.796649,0.99267903100884,-7.246202719646281
2025-05-12 15:52:49,1,-7.283630166666667,112.79665,1.1029767007726168,-7.246202719646281
2025-05-12 15:52:49,2,-7.2835651666666665,112.79665283333334,1.415486869291963,-0.01853248772730309
2025-05-12 15:52:49,3,-7.283556333333333,112.79664266666667,0.2941271451592406,0.9636893642887839
2025-05-12 15:52:49,4,-7.283542833333334,112.796434,-22.721322241019376,2.46482087395325
2025-05-12 15:52:49,1,-7.283629833333333,112.7966495,1.0478278662803002,-7.209137744092914
2025-05-12 15:52:49,1,-7.28363,112.79665016666667,1.1213596459417012,-7.227670231820217
2025-05-12 15:52:50,2,-7.283566,112.7966575,1.9302093637123225,-0.11119492666010133
2025-05-12 15:52:50,3,-7.283555333333333,112.79664633333333,0.698551968377128,1.0748842909488854
2025-05-12 15:52:50,1,-7.283630166666667,112.79665133333333,1.2500402604576524,-7.246202719646281
2025-05-12 15:52:50,4,-7.283547833333333,112.79643283333333,-22.850002742415526,1.9088462407515039
2025-05-12 15:52:51,1,-7.283629666666666,112.79665133333333,1.2500402611547812,-7.190605256266849
2025-05-12 15:52:51,2,-7.283564833333333,112.79666066666667,2.2794853474953856,0.018532487826064023
2025-05-12 15:52:51,3,-7.2835555,112.7966515,1.2684233110535181,1.0563518031228214
2025-05-12 15:52:51,1,-7.283629166666667,112.79665216666666,1.3419549867575762,-7.13500779298618
2025-05-12 15:52:51,1,-7.283628666666667,112.79665316666667,1.4522526590216995,-7.079410329705509
2025-05-12 15:52:52,4,-7.283550333333333,112.79643383333334,-22.739704997547875,1.630858924150631
2025-05-12 15:52:52,2,-7.283570166666666,112.79666516666667,2.7758248826560914,-0.5745071209290489
2025-05-12 15:52:52,3,-7.283558333333334,112.79665583333333,1.746379915882982,0.7412995109685813
2025-05-12 15:52:52,1,-7.283629166666667,112.79665483333333,1.6360821080231325,-7.13500779298618
2025-05-12 15:52:53,1,-7.283629333333334,112.7966555,1.709613887629857,-7.153540280812243
2025-05-12 15:52:53,2,-7.283568166666667,112.79667033333334,3.3456962236033405,-0.3521172677076071
2025-05-12 15:52:53,3,-7.283558,112.79666033333334,2.2427194719882144,0.7783644865219485
2025-05-12 15:52:53,1,-7.28363,112.79665566666667,1.7279968313226688,-7.227670231820217
2025-05-12 15:52:53,4,-7.28355,112.79643916666667,-22.151450713095755,1.667923899703998
2025-05-12 15:52:53,1,-7.2836335,112.79669733333333,6.32373305861977,-7.616852475081191
2025-05-12 15:52:54,2,-7.283567333333333,112.796673,3.639823366696235,-0.25945482877480885
2025-05-12 15:52:54,3,-7.2835581666666664,112.7966645,2.702293134061191,0.7598319987946454
2025-05-12 15:52:54,1,-7.283632833333333,112.79669833333334,6.434030734325113,-7.542722523974456
2025-05-12 15:52:54,4,-7.2835513333333335,112.7964445,-21.563196388121536,1.5196639974905295
2025-05-12 15:52:55,1,-7.283633,112.79670016666667,6.6362431270569475,-7.5612550118005215
2025-05-12 15:52:55,2,-7.283567333333333,112.79667466666666,3.8236528291857144,-0.25945482877480885
2025-05-12 15:52:55,3,-7.2835581666666664,112.79666766666666,3.0515691163622614,0.7598319987946454
2025-05-12 15:52:55,1,-7.283633,112.79670066666667,6.6913919617645545,-7.5612550118005215
2025-05-12 15:52:55,1,-7.2836325,112.79670116666667,6.746540800234606,-7.505657548519851
2025-05-12 15:52:56,2,-7.2835695,112.79667566666667,3.933950498739944,-0.5003771698223146
2025-05-12 15:52:56,4,-7.283550666666667,112.79644916666666,-21.048473899616486,1.5937939485972639
2025-05-12 15:52:56,1,-7.283632666666667,112.79670266666666,6.9119873031647865,-7.524190036247153
2025-05-12 15:52:56,3,-7.283563,112.796673,3.6398233842884054,0.22238985332020267
2025-05-12 15:52:56,1,-7.2836335,112.7967035,7.003902022769108,-7.616852475081191
2025-05-12 15:52:57,1,-7.2836355,112.79670566666667,7.242880290211806,-7.839242328401394
2025-05-12 15:52:57,2,-7.283575,112.796677,4.081014043341106,-1.1119492664034913
2025-05-12 15:52:57,3,-7.283567166666667,112.79667483333333,3.8420357761488746,-0.24092234104750576
2025-05-12 15:52:57,4,-7.28355,112.7964555,-20.349921942735083,1.667923899703998
2025-05-12 15:52:57,1,-7.2836376666666665,112.796707,7.389943831163207,-8.0801646694489
2025-05-12 15:52:58,2,-7.283577666666667,112.79667566666667,3.9339504629062994,-1.4084690708304284
2025-05-12 15:52:58,3,-7.283572333333334,112.796676,3.9707163786007245,-0.8154294620753155
2025-05-12 15:52:58,1,-7.283639,112.7967075,7.44509265451171,-8.228424571662368
2025-05-12 15:52:58,1,-7.283641833333333,112.796708,7.500241465147854,-8.543476863816608
2025-05-12 15:52:59,4,-7.283548833333334,112.79646183333334,-19.651369994206615,1.7976513140914026
2025-05-12 15:52:59,2,-7.283583666666667,112.79667783333333,4.1729287334622285,-2.0756386306922754
2025-05-12 15:52:59,3,-7.283576666666667,112.796675,3.8604186814963493,-1.297274144170327
2025-05-12 15:52:59,1,-7.283644833333334,112.79670666666667,7.353177882771941,-8.877061643796912
2025-05-12 15:52:59,1,-7.283649166666667,112.796707,7.38994373637412,-9.358906325891924
2025-05-12 15:53:00,2,-7.283588833333333,112.79667683333334,4.062631034566069,-2.6501457516213245
2025-05-12 15:53:00,3,-7.283581166666667,112.79667433333333,3.7868868782590863,-1.7976513140914026
2025-05-12 15:53:00,1,-7.283652666666667,112.79670766666666,7.463475485522427,-9.748088569152898
2025-05-12 15:53:00,4,-7.283550333333333,112.79646883333334,-18.879286202666105,1.630858924150631
2025-05-12 15:53:00,1,-7.283651666666667,112.79670716666666,7.408326660287584,-9.636893642492796
2025-05-12 15:53:01,1,-7.283651833333334,112.7967075,7.445092547943172,-9.65542613031886
2025-05-12 15:53:01,2,-7.283595166666666,112.79667683333334,4.0626310058676784,-3.3543802870365385
2025-05-12 15:53:01,3,-7.283586666666666,112.79667566666667,3.9339504234161367,-2.409223410573819
2025-05-12 15:53:01,1,-7.283652166666666,112.796708,7.500241378703794,-9.692491105773465
2025-05-12 15:53:01,1,-7.283653166666666,112.796708,7.5002413703382365,-9.803686032433568
2025-05-12 15:53:01,4,-7.283551,112.79647333333334,-18.38294662929678,1.556728973043897
2025-05-12 15:53:02,2,-7.283600833333334,112.79667566666667,3.933950361255647,-3.9844848714437795
2025-05-12 15:53:02,3,-7.283592166666667,112.7966755,3.9155674535434755,-3.0207955071549955
2025-05-12 15:53:02,1,-7.2836533333333335,112.79670833333333,7.537007257915227,-9.822218520259632
2025-05-12 15:53:03,1,-7.2836545,112.796708,7.500241359184159,-9.951945934647036
2025-05-12 15:53:03,4,-7.283551,112.796479,-17.757926443878745,1.556728973043897
2025-05-12 15:53:03,2,-7.283605833333334,112.7966755,3.915567393857082,-4.540459504645525
2025-05-12 15:53:03,3,-7.283597,112.79667483333333,3.8420356483047713,-3.558237652629438
2025-05-12 15:53:03,1,-7.283657166666667,112.79670766666666,7.4634754480619465,-10.248465739073973
2025-05-12 15:53:04,1,-7.2836585,112.79670783333333,7.481858381342231,-10.39672564118868
2025-05-12 15:53:04,2,-7.283612166666667,112.7966755,3.9155673661975143,-5.244694040060739
2025-05-12 15:53:04,3,-7.2836015,112.79667416666666,3.7685038468273855,-4.058614822451752
2025-05-12 15:53:04,4,-7.283551833333333,112.796485,-17.096140349402678,1.4640665342098595
2025-05-12 15:53:04,1,-7.283661333333334,112.79670833333333,7.537007190662684,-10.711777933441681
2025-05-12 15:53:05,2,-7.2836185,112.79667533333334,3.8971843933380947,-5.9489285754759536
2025-05-12 15:53:05,1,-7.283662666666666,112.79670866666666,7.573773068042434,-10.860037835556389
2025-05-12 15:53:05,3,-7.283606833333334,112.79667383333333,3.73173793353185,-4.6516544313056265
2025-05-12 15:53:05,1,-7.2836636666666665,112.7967085,7.555390115321103,-10.97123276221649
2025-05-12 15:53:06,4,-7.283551833333333,112.79648933333333,-16.618183738667046,1.4640665342098595
2025-05-12 15:53:06,1,-7.283665333333333,112.796708,7.50024126855724,-11.156557639983326
2025-05-12 15:53:06,2,-7.283623166666667,112.79667633333334,4.007482043677964,-6.467838233124332
2025-05-12 15:53:06,3,-7.283615666666667,112.79667866666666,4.264843310812709,-5.6338762833217135
2025-05-12 15:53:06,1,-7.283668666666666,112.79670783333333,7.481858296500789,-11.527207395418236
2025-05-12 15:53:07,1,-7.2836695,112.7967075,7.445092401238278,-11.619869834351034
2025-05-12 15:53:07,2,-7.283623333333333,112.7966765,4.025864988033733,-6.486370720851635
2025-05-12 15:53:07,3,-7.2836175,112.7966775,4.136162685549365,-5.837733648815852
2025-05-12 15:53:07,4,-7.283551666666667,112.7964935,-16.158610075934533,1.4825990219371625
2025-05-12 15:53:07,1,-7.283670833333334,112.796707,7.389943557785779,-11.768129736564504
2025-05-12 15:53:07,1,-7.2836715,112.7967065,7.3347947199513355,-11.842259687572476
2025-05-12 15:53:08,1,-7.283672666666667,112.7967055,7.22449704587149,-11.971987102058641
2025-05-12 15:53:08,2,-7.283619,112.79667583333334,3.95233322673346,-6.004526038756624
2025-05-12 15:53:08,3,-7.2836178333333335,112.79667583333334,3.952333231876489,-5.874798624369219
2025-05-12 15:53:08,1,-7.2836735,112.79670466666667,7.132582318795826,-12.06464954089268
2025-05-12 15:53:08,4,-7.283551833333333,112.79649816666667,-15.643887567494179,1.4640665342098595
2025-05-12 15:53:08,1,-7.2836745,112.79670383333334,7.040667590582201,-12.17584446755278
2025-05-12 15:53:09,1,-7.2836755,112.79670333333334,6.985518750635856,-12.287039394212881
2025-05-12 15:53:09,2,-7.283616166666667,112.79667366666666,3.713354949436378,-5.689473746602384
2025-05-12 15:53:09,3,-7.283615666666667,112.79667433333333,3.786886732538995,-5.6338762833217135
2025-05-12 15:53:09,1,-7.283676833333334,112.79670383333334,7.040667572258593,-12.43529929642635
2025-05-12 15:53:09,1,-7.2836775,112.796703,6.9487528455052745,-12.509429247434321
2025-05-12 15:53:10,4,-7.2835515,112.79650333333333,-15.074016227961685,1.5011315097632265
2025-05-12 15:53:10,2,-7.283614666666667,112.79667166666667,3.492759612307762,-5.522681356661613
2025-05-12 15:53:10,3,-7.283614666666667,112.79667266666667,3.6030572839783908,-5.522681356661613
2025-05-12 15:53:10,1,-7.283683666666667,112.79670666666667,7.353177564279058,-13.195131295122232
2025-05-12 15:53:11,1,-7.283682833333334,112.79670583333333,7.26126285170987,-13.102468856288196
2025-05-12 15:53:11,2,-7.283610833333333,112.79666883333333,3.1802495546043037,-5.096434137847271
2025-05-12 15:53:11,3,-7.283614,112.79667216666667,3.5479084507812275,-5.448551405554878
2025-05-12 15:53:11,1,-7.2836825,112.7967055,7.224496966634352,-13.065403880734829
2025-05-12 15:53:11,4,-7.283554,112.79650833333334,-14.522527788691809,1.2231441931623537
2025-05-12 15:53:12,2,-7.283608833333333,112.796667,2.978037162320128,-4.874044284527068
2025-05-12 15:53:12,3,-7.283613833333333,112.7966715,3.474376670258668,-5.430018917728814
2025-05-12 15:53:12,1,-7.283682166666667,112.79670516666667,7.187731081531497,-13.028338905181462
2025-05-12 15:53:12,1,-7.2836815,112.79670483333334,7.15096519905997,-12.954208954074728
2025-05-12 15:53:12,4,-7.283555833333334,112.79651383333334,-13.915890523431788,1.0192868275694542
2025-05-12 15:53:13,1,-7.283680833333333,112.79670466666667,7.132582260455534,-12.880079002967994
2025-05-12 15:53:13,2,-7.283607166666667,112.796666,2.867739495262845,-4.6887194068589935
2025-05-12 15:53:13,3,-7.283613166666667,112.7966705,3.3640790009869805,-5.3558889667208405
2025-05-12 15:53:13,1,-7.2836795,112.79670433333334,7.095816383164648,-12.731819100754526
2025-05-12 15:53:14,1,-7.283678666666667,112.79670383333334,7.040667557861471,-12.63915666192049
2025-05-12 15:53:14,4,-7.283556,112.79651966666667,-13.272487392431174,1.000754339842151
2025-05-12 15:53:14,2,-7.283605666666666,112.79666433333334,2.6839100454310048,-4.521927016819461
2025-05-12 15:53:14,3,-7.283612166666667,112.79666916666666,3.217015440534165,-5.244694040060739
2025-05-12 15:53:14,1,-7.283677166666667,112.79670316666666,6.967135792085711,-12.472364271979718
2025-05-12 15:53:15,1,-7.283676333333333,112.79670283333333,6.930369910533437,-12.379701833046918
2025-05-12 15:53:15,2,-7.283604333333333,112.79666283333333,2.518463538442186,-4.3736671146059924
2025-05-12 15:53:15,3,-7.283611,112.79666766666666,3.0515689365377834,-5.114966625574573
2025-05-12 15:53:15,1,-7.283675166666667,112.796702,6.838455199361925,-12.249974418659514
2025-05-12 15:53:15,4,-7.283556333333333,112.79652516666667,-12.665850152271078,0.9636893642887839
2025-05-12 15:53:15,1,-7.283674166666667,112.79670183333333,6.8200722629308945,-12.138779491999413
2025-05-12 15:53:16,2,-7.283601833333333,112.79666133333333,2.353017035590595,-4.09567979800512
2025-05-12 15:53:16,3,-7.283610166666667,112.79666666666667,2.941271267149907,-5.022304186740537
2025-05-12 15:53:16,1,-7.2836715,112.79670083333333,6.709774618537202,-11.842259687572476
2025-05-12 15:53:16,1,-7.283669833333334,112.7967,6.617859910273816,-11.656934809904401
2025-05-12 15:53:17,4,-7.2835556666666665,112.79652883333333,-12.261425338949632,1.0378193153955182
2025-05-12 15:53:17,1,-7.283669,112.7966995,6.562711083931773,-11.564272370971603
2025-05-12 15:53:17,2,-7.283599333333333,112.79665883333334,2.07727285825936,-3.8176924814042468
2025-05-12 15:53:17,3,-7.2836095,112.79666533333334,2.794207706261982,-4.948174235633803
2025-05-12 15:53:17,1,-7.283667166666667,112.79669833333334,6.434030487937617,-11.360415005477464
2025-05-12 15:53:18,2,-7.283596833333333,112.796657,1.875060460399272,-3.539705164803374
2025-05-12 15:53:18,1,-7.283666666666667,112.79669783333334,6.378881658889068,-11.304817542196794
2025-05-12 15:53:18,3,-7.2836091666666665,112.79666466666667,2.7206759257360043,-4.911109260080436
2025-05-12 15:53:18,4,-7.283555,112.79653333333333,-11.765085790950188,1.1119492665022526
2025-05-12 15:53:18,1,-7.283665833333333,112.7966975,6.342115774792017,-11.212155103263996
2025-05-12 15:53:19,1,-7.2836635,112.79669633333333,6.213435181357419,-10.952700274489187
2025-05-12 15:53:19,2,-7.283594333333333,112.796655,1.6544651172835538,-3.261717848202501
2025-05-12 15:53:19,3,-7.283608833333333,112.7966645,2.70229298134948,-4.874044284527068
2025-05-12 15:53:19,1,-7.2836625,112.796696,6.176669299692368,-10.841505347829086
2025-05-12 15:53:19,4,-7.283555166666667,112.7965385,-11.19521444574501,1.0934167786761884
2025-05-12 15:53:20,1,-7.283661333333334,112.7966955,6.121520474765086,-10.711777933441681
2025-05-12 15:53:20,2,-7.2835928333333335,112.7966535,1.4890186085166297,-3.0949254582617294
2025-05-12 15:53:20,1,-7.283660666666667,112.79669516666667,6.084754590646411,-10.637647982334947
2025-05-12 15:53:20,3,-7.2836085,112.79666416666667,2.665527091544408,-4.836979308973701
2025-05-12 15:53:20,1,-7.283659833333333,112.79669483333333,6.04798870759735,-10.544985543402149
2025-05-12 15:53:21,4,-7.283554166666667,112.79654333333333,-10.662109007615847,1.2046117053362897
2025-05-12 15:53:21,1,-7.283659166666666,112.79669466666667,6.029605767728504,-10.470855592295415
2025-05-12 15:53:21,2,-7.283591666666666,112.79665216666666,1.3419550428866147,-2.965198043775564
2025-05-12 15:53:21,3,-7.283608,112.79666366666666,2.6103782552181167,-4.781381845693031
2025-05-12 15:53:21,1,-7.283657666666667,112.79669366666667,5.919308111435737,-10.304063202354643
2025-05-12 15:53:22,2,-7.2835901666666665,112.79665066666666,1.1765085331047551,-2.798405653834793
2025-05-12 15:53:22,3,-7.283606833333334,112.79666333333333,2.5736123677368035,-4.6516544313056265
2025-05-12 15:53:22,1,-7.283655833333333,112.79669266666667,5.809010456933636,-10.100205836860505
2025-05-12 15:53:22,4,-7.283553166666667,112.796548,-10.147386514836885,1.315806631996391
2025-05-12 15:53:22,1,-7.283655,112.79669233333334,5.772244573430072,-10.007543398026467
2025-05-12 15:53:23,2,-7.283589166666666,112.79664966666667,1.0662108596092925,-2.6872107271746914
2025-05-12 15:53:23,1,-7.2836545,112.796692,5.7354786861583404,-9.951945934647036
2025-05-12 15:53:23,3,-7.283606,112.79666283333333,2.5184635337604964,-4.558991992372828
2025-05-12 15:53:23,1,-7.2836533333333335,112.796691,5.625181026707982,-9.822218520259632
2025-05-12 15:53:24,4,-7.2835525,112.79655116666666,-9.798110537873605,1.3899365831031254
2025-05-12 15:53:24,2,-7.283588333333333,112.7966495,1.0478279147819363,-2.594548288340654
2025-05-12 15:53:24,1,-7.2836525,112.79669033333333,5.5516492539256115,-9.729556081326832
2025-05-12 15:53:24,3,-7.283605166666667,112.79666183333333,2.4081658632619996,-4.466329553538791
2025-05-12 15:53:24,1,-7.283651666666667,112.79668983333333,5.496500425526345,-9.636893642492796
2025-05-12 15:53:25,1,-7.283650833333334,112.79668933333333,5.44135159702456,-9.544231203658759
2025-05-12 15:53:25,2,-7.283587333333333,112.79664783333334,0.8639984575619118,-2.4833533616805528
2025-05-12 15:53:25,1,-7.28365,112.79668883333333,5.3862027684202545,-9.45156876472596
2025-05-12 15:53:25,3,-7.283604833333333,112.7966615,2.3713999731972137,-4.429264577985424
2025-05-12 15:53:25,4,-7.283552,112.7965545,-9.430451610503654,1.4455340463837956
2025-05-12 15:53:25,1,-7.283649666666666,112.7966885,5.349436881301183,-9.414503789172594
2025-05-12 15:53:26,1,-7.283649166666667,112.79668816666667,5.312670995142374,-9.358906325891924
2025-05-12 15:53:26,2,-7.2835865,112.79664666666666,0.7353178358058292,-2.3906909228465154
2025-05-12 15:53:26,3,-7.283604333333333,112.79666083333333,2.297868192558465,-4.3736671146059924
2025-05-12 15:53:26,1,-7.283639833333333,112.79667616666667,3.9890990244184423,-8.321087010496404
2025-05-12 15:53:26,4,-7.283551833333333,112.79655966666667,-8.860580267119886,1.4640665342098595
2025-05-12 15:53:27,2,-7.283585333333333,112.79664416666667,0.4595736485644527,-2.26096350836035
2025-05-12 15:53:27,1,-7.283639666666667,112.796676,3.970716080394153,-8.302554522769102
2025-05-12 15:53:27,3,-7.2836035,112.79666066666667,2.2794852491868753,-4.281004675771956
2025-05-12 15:53:28,4,-7.283550833333333,112.79656533333333,-8.235560091468438,1.5752614608699609
2025-05-12 15:53:28,1,-7.28364,112.79667616666667,3.989099023676888,-8.339619498322469
2025-05-12 15:53:28,2,-7.283584333333334,112.79664283333334,0.31251008187396684,-2.1497685817990098
2025-05-12 15:53:28,3,-7.283603,112.79666066666667,2.2794852504581073,-4.225407212491286
2025-05-12 15:53:28,1,-7.28364,112.79667616666667,3.989099023676888,-8.339619498322469
2025-05-12 15:53:29,2,-7.283583,112.79664083333333,0.09191472963861577,-2.001508679585541
2025-05-12 15:53:29,1,-7.2836395,112.79667583333334,3.9523331363630287,-8.284022034943037
2025-05-12 15:53:29,3,-7.283602166666666,112.79666066666667,2.279485252576828,-4.132744773558487
2025-05-12 15:53:29,4,-7.283550333333333,112.79657,-7.720837589763539,1.630858924150631
2025-05-12 15:53:29,1,-7.283639,112.79667533333334,3.8971843042286496,-8.228424571662368
2025-05-12 15:53:30,1,-7.283639,112.79667533333334,3.8971843042286496,-8.228424571662368
2025-05-12 15:53:30,2,-7.283582666666667,112.7966415,0.1654465149784438,-1.964443704032174
2025-05-12 15:53:30,3,-7.2836015,112.79666066666667,2.2794852542718047,-4.058614822451752
2025-05-12 15:53:30,1,-7.283639166666667,112.79667516666666,3.8788013571606625,-8.246957059488432
2025-05-12 15:53:30,1,-7.283639166666667,112.79667483333333,3.842035467608472,-8.246957059488432
2025-05-12 15:53:30,4,-7.283549833333334,112.79657333333333,-7.353178661914063,1.6864563874313014
2025-05-12 15:53:31,2,-7.283582166666666,112.79664183333334,0.2022124069603297,-1.908846240652743
2025-05-12 15:53:31,3,-7.283600666666667,112.79666016666667,2.2243364196940534,-3.965952383617715
2025-05-12 15:53:31,1,-7.283639,112.79667433333333,3.7868866339841496,-8.228424571662368
2025-05-12 15:53:32,1,-7.283639166666667,112.7966745,3.8052695780562806,-8.246957059488432
2025-05-12 15:53:32,4,-7.283548833333334,112.79657783333333,-6.856839109584923,1.7976513140914026
2025-05-12 15:53:32,2,-7.2835815,112.79664233333334,0.2573612449861265,-1.8347162896447695
2025-05-12 15:53:32,1,-7.283639666666667,112.79667433333333,3.7868866311682945,-8.302554522769102
2025-05-12 15:53:32,3,-7.2836,112.79665983333334,2.1875705301897024,-3.891822432510981
2025-05-12 15:53:32,1,-7.28364,112.79667433333333,3.786886629760367,-8.339619498322469
2025-05-12 15:53:33,1,-7.28364,112.79667433333333,3.786886629760367,-8.339619498322469
2025-05-12 15:53:33,2,-7.283581,112.7966425,0.2757441910983831,-1.7791188262653386
2025-05-12 15:53:33,3,-7.283599,112.79665916666667,2.1140387502309945,-3.78062750585088
2025-05-12 15:53:33,1,-7.283639666666667,112.79667383333333,3.7317377968707635,-8.302554522769102
2025-05-12 15:53:33,4,-7.2835485,112.7965825,-6.34211660478397,1.8347162896447695
2025-05-12 15:53:33,1,-7.283640166666666,112.796674,3.75012073954522,-8.358151986049771
2025-05-12 15:53:34,2,-7.283580166666667,112.796642,0.22059535339722852,-1.6864563874313014
2025-05-12 15:53:34,3,-7.283597666666667,112.79665816666666,2.0037410780454663,-3.632367603736172
2025-05-12 15:53:34,1,-7.2836403333333335,112.79667383333333,3.731737794095916,-8.376684473875837
2025-05-12 15:53:34,4,-7.283547833333333,112.79658766666667,-5.772245261820527,1.9088462407515039
2025-05-12 15:53:35,1,-7.2836405,112.79667383333333,3.7317377934022042,-8.395216961603138
2025-05-12 15:53:35,2,-7.28358,112.79664266666667,0.29412713739517315,-1.6679238996052375
2025-05-12 15:53:35,3,-7.283597166666667,112.79665766666666,1.9485922422511595,-3.576770140356741
2025-05-12 15:53:35,1,-7.2836405,112.7966735,3.6949719039046904,-8.395216961603138
2025-05-12 15:53:35,1,-7.2836403333333335,112.79667316666666,3.6582060150872193,-8.376684473875837
2025-05-12 15:53:36,1,-7.2836405,112.79667316666666,3.658206014407177,-8.395216961603138
2025-05-12 15:53:36,2,-7.2835798333333335,112.796643,0.3308930294351529,-1.649391411877934
2025-05-12 15:53:36,4,-7.283546666666667,112.79658966666666,-5.5516499092594165,2.0385736551389084
2025-05-12 15:53:36,3,-7.2835965,112.79665733333333,1.9118263523982446,-3.502640189250007
2025-05-12 15:53:36,1,-7.283640166666666,112.796673,3.639823071011671,-8.358151986049771
2025-05-12 15:53:36,1,-7.2836403333333335,112.79667316666666,3.6582060150872193,-8.376684473875837
2025-05-12 15:53:37,1,-7.283640166666666,112.79667316666666,3.6582060157672625,-8.358151986049771
2025-05-12 15:53:37,2,-7.283579,112.79664266666667,0.29412713772323257,-1.556728972945136
2025-05-12 15:53:37,3,-7.283595666666667,112.79665616666666,1.7831457344991704,-3.40997775041597
2025-05-12 15:53:37,1,-7.283639833333333,112.796673,3.639823072364922,-8.321087010496404
2025-05-12 15:53:37,4,-7.283545666666667,112.7965925,-5.239139820099796,2.1497685817990098
2025-05-12 15:53:38,1,-7.28364,112.796673,3.639823071688296,-8.339619498322469
2025-05-12 15:53:38,2,-7.283578166666667,112.79664233333334,0.25736124594296655,-1.4640665341110985
2025-05-12 15:53:38,3,-7.283594666666667,112.79665516666667,1.672848062356955,-3.298782823755868
2025-05-12 15:53:38,1,-7.28364,112.796673,3.639823071688296,-8.339619498322469
2025-05-12 15:53:38,1,-7.283639666666667,112.79667283333333,3.621440128275703,-8.302554522769102
2025-05-12 15:53:39,4,-7.283544166666666,112.7965975,-4.687651425579191,2.316560971838542
2025-05-12 15:53:39,2,-7.2835775,112.7966395,-0.05514883812148077,-1.3899365830043644
2025-05-12 15:53:39,3,-7.283593833333334,112.79665383333334,1.5257844982670261,-3.206120384921831
2025-05-12 15:53:39,1,-7.283639666666667,112.79667266666667,3.6030571835098604,-8.302554522769102
2025-05-12 15:53:39,1,-7.283639,112.79667216666667,3.5479083518504853,-8.228424571662368
2025-05-12 15:53:40,1,-7.283638833333334,112.79667216666667,3.5479083525100243,-8.209892083935065
2025-05-12 15:53:40,2,-7.2835765,112.79663766666667,-0.2573612448539622,-1.278741656344263
2025-05-12 15:53:40,3,-7.283593,112.796653,1.4338697710717718,-3.113457945989033
2025-05-12 15:53:40,4,-7.2835435,112.796603,-4.081014185155963,2.3906909228465154
2025-05-12 15:53:40,1,-7.283638333333333,112.79667183333333,3.5111424649022767,-8.154294620555634
2025-05-12 15:53:41,2,-7.283575833333333,112.7966385,-0.165446514671998,-1.204611705237529
2025-05-12 15:53:41,3,-7.283592166666667,112.79665183333333,1.305189150658684,-3.0207955071549955
2025-05-12 15:53:41,1,-7.283638,112.796672,3.5295254110077017,-8.117229645002267
2025-05-12 15:53:41,4,-7.283543,112.79660733333333,-3.603057571987229,2.446288386225947
2025-05-12 15:53:42,2,-7.283575333333333,112.79663816666667,-0.20221240693410128,-1.1490142419568585
2025-05-12 15:53:42,3,-7.283591333333334,112.79665133333333,1.2500403146012449,-2.928133068320958
2025-05-12 15:53:42,1,-7.2836376666666665,112.79667166666667,3.4927595227062422,-8.0801646694489
2025-05-12 15:53:43,2,-7.283573,112.79663483333333,-0.569871331682993,-0.8895594130832888
2025-05-12 15:53:43,4,-7.283542333333333,112.79661133333333,-3.161866850821991,2.520418337332681
2025-05-12 15:53:43,3,-7.283590666666667,112.796651,1.2132744239896915,-2.854003117214224
2025-05-12 15:53:43,1,-7.283633333333333,112.79667266666667,3.6030572089619044,-7.5983199873538885
2025-05-12 15:53:44,2,-7.2835715,112.796633,-0.7720837404350896,-0.7227670231425173
2025-05-12 15:53:44,3,-7.283589666666667,112.79665066666666,1.1765085337608747,-2.7428081905541224
2025-05-12 15:53:44,1,-7.283632666666667,112.79667316666666,3.658206046369176,-7.524190036247153
2025-05-12 15:53:44,4,-7.283544333333333,112.79661583333333,-2.6655272807469257,2.298028484012478
2025-05-12 15:53:45,1,-7.283632166666667,112.79667333333333,3.6765889933289246,-7.468592572966482
2025-05-12 15:53:45,2,-7.283571,112.79663266666667,-0.8088496332132027,-0.6671695598618471
2025-05-12 15:53:45,1,-7.283631833333334,112.79667366666666,3.713354884548757,-7.431527597413115
2025-05-12 15:53:45,3,-7.283588833333333,112.79665033333333,1.1397426432381703,-2.6501457516213245
