timestamp,datetime,gps1_lat,gps1_lon,gps1_x,gps1_y,gps2_lat,gps2_lon,gps2_x,gps2_y,gps3_lat,gps3_lon,gps3_x,gps3_y,estimated_x,estimated_y,smoothed_x,smoothed_y
1747923071.4232159,2025-05-22 21:11:11.423216,-7.2835936666666665,112.79642183333333,-4.877200062424428,-3.0597156962451315,-7.283602666666667,112.79648616666667,2.2269479078468772,-4.055044633465377,-7.283600833333334,112.79645883333333,-0.7913947145495748,-3.8522923605749924,0.15,0.08660254037844385,0.15,0.08660254037844385
1747923071.5336049,2025-05-22 21:11:11.533605,-7.2835936666666665,112.79642183333333,-4.877200062424428,-3.0597156962451315,-7.283602666666667,112.79648616666667,2.2269479078468772,-4.055044633465377,-7.283600833333334,112.79645883333333,-0.7913947145495748,-3.8522923605749924,0.15,0.08660254037844385,0.15,0.08660254037844385
1747923071.645739,2025-05-22 21:11:11.645739,-7.2835936666666665,112.79642183333333,-4.877200062424428,-3.0597156962451315,-7.283602666666667,112.79648616666667,2.2269479078468772,-4.055044633465377,-7.283600833333334,112.79645883333333,-0.7913947145495748,-3.8522923605749924,0.15,0.08660254037844385,0.15,0.08660254037844385
1747923071.7564933,2025-05-22 21:11:11.756493,-7.2835936666666665,112.79642183333333,-4.877200062424428,-3.0597156962451315,-7.283602666666667,112.79648616666667,2.2269479078468772,-4.055044633465377,-7.283600833333334,112.79645883333333,-0.7913947145495748,-3.8522923605749924,0.15,0.08660254037844385,0.15,0.08660254037844385
1747923071.8647885,2025-05-22 21:11:11.864789,-7.2835936666666665,112.79642183333333,-4.877200062424428,-3.0597156962451315,-7.283602666666667,112.79648616666667,2.2269479078468772,-4.055044633465377,-7.283600833333334,112.79645883333333,-0.7913947145495748,-3.8522923605749924,0.15,0.08660254037844385,0.15,0.08660254037844385
1747923071.975001,2025-05-22 21:11:11.975001,-7.2835936666666665,112.79642183333333,-4.877200062424428,-3.0597156962451315,-7.283602666666667,112.79648616666667,2.2269479078468772,-4.055044633465377,-7.283600833333334,112.79645883333333,-0.7913947145495748,-3.8522923605749924,0.15,0.08660254037844385,0.15,0.08660254037844385
1747923072.0839977,2025-05-22 21:11:12.083998,-7.2835936666666665,112.79642183333333,-4.877200062424428,-3.0597156962451315,-7.283602666666667,112.79648616666667,2.2269479078468772,-4.055044633465377,-7.283600833333334,112.79645883333333,-0.7913947145495748,-3.8522923605749924,0.15,0.08660254037844385,0.15,0.08660254037844385
1747923072.1904767,2025-05-22 21:11:12.190477,-7.2835936666666665,112.79642183333333,-4.877200062424428,-3.0597156962451315,-7.283602666666667,112.79648616666667,2.2269479078468772,-4.055044633465377,-7.283600833333334,112.79645883333333,-0.7913947145495748,-3.8522923605749924,0.15,0.08660254037844385,0.15,0.08660254037844385
1747923072.2991285,2025-05-22 21:11:12.299129,-7.2835936666666665,112.79642183333333,-4.877200062424428,-3.0597156962451315,-7.283602666666667,112.79648616666667,2.2269479078468772,-4.055044633465377,-7.283600833333334,112.79645883333333,-0.7913947145495748,-3.8522923605749924,0.15,0.08660254037844385,0.15,0.08660254037844385
1747923072.41161,2025-05-22 21:11:12.411610,-7.2835936666666665,112.79642183333333,-4.877200062424428,-3.0597156962451315,-7.283602666666667,112.79648616666667,2.2269479078468772,-4.055044633465377,-7.283600833333334,112.79645883333333,-0.7913947145495748,-3.8522923605749924,0.15,0.08660254037844385,0.15,0.08660254037844385
1747923072.5200307,2025-05-22 21:11:12.520031,-7.2835936666666665,112.79642183333333,-4.877200062424428,-3.0597156962451315,-7.2836031666666665,112.7964865,2.263756961877074,-4.110340697777996,-7.283600833333334,112.79645883333333,-0.7913947145495748,-3.8522923605749924,0.15,0.08660254037844384,0.15,0.08660254037844385
1747923072.6306484,2025-05-22 21:11:12.630648,-7.2835936666666665,112.79642183333333,-4.877200062424428,-3.0597156962451315,-7.2836031666666665,112.7964865,2.263756961877074,-4.110340697777996,-7.283600833333334,112.79645883333333,-0.7913947145495748,-3.8522923605749924,0.15,0.08660254037844384,0.15,0.08660254037844385
1747923072.741799,2025-05-22 21:11:12.741799,-7.2835936666666665,112.79642183333333,-4.877200062424428,-3.0597156962451315,-7.2836031666666665,112.7964865,2.263756961877074,-4.110340697777996,-7.283600833333334,112.79645883333333,-0.7913947145495748,-3.8522923605749924,0.15,0.08660254037844384,0.15,0.08660254037844384
1747923072.8589382,2025-05-22 21:11:12.858938,-7.2835936666666665,112.79642183333333,-4.877200062424428,-3.0597156962451315,-7.2836031666666665,112.7964865,2.263756961877074,-4.110340697777996,-7.283600833333334,112.79645816666667,-0.8650128273926099,-3.8522923617894795,0.15,0.08660254037844384,0.15,0.08660254037844384
1747923072.9705894,2025-05-22 21:11:12.970589,-7.283595166666666,112.796424,-4.637941176063647,-3.2256038610373086,-7.2836031666666665,112.7964865,2.263756961877074,-4.110340697777996,-7.283600833333334,112.79645816666667,-0.8650128273926099,-3.8522923617894795,0.15,0.08660254037844388,0.15,0.08660254037844385
1747923073.0778806,2025-05-22 21:11:13.077881,-7.283595166666666,112.796424,-4.637941176063647,-3.2256038610373086,-7.2836031666666665,112.7964865,2.263756961877074,-4.110340697777996,-7.283600833333334,112.79645816666667,-0.8650128273926099,-3.8522923617894795,0.15,0.08660254037844388,0.15,0.08660254037844387
1747923073.1850498,2025-05-22 21:11:13.185050,-7.283595166666666,112.796424,-4.637941176063647,-3.2256038610373086,-7.2836031666666665,112.7964865,2.263756961877074,-4.110340697777996,-7.283600833333334,112.79645816666667,-0.8650128273926099,-3.8522923617894795,0.15,0.08660254037844388,0.15,0.08660254037844387
1747923073.2932723,2025-05-22 21:11:13.293272,-7.283595166666666,112.796424,-4.637941176063647,-3.2256038610373086,-7.2836031666666665,112.7964865,2.263756961877074,-4.110340697777996,-7.283600833333334,112.79645816666667,-0.8650128273926099,-3.8522923617894795,0.15,0.08660254037844388,0.15,0.08660254037844388
1747923073.4025886,2025-05-22 21:11:13.402589,-7.283595166666666,112.796424,-4.637941176063647,-3.2256038610373086,-7.2836031666666665,112.7964865,2.263756961877074,-4.110340697777996,-7.283600833333334,112.79645816666667,-0.8650128273926099,-3.8522923617894795,0.15,0.08660254037844388,0.15,0.08660254037844388
1747923073.512704,2025-05-22 21:11:13.512704,-7.283595166666666,112.796424,-4.637941176063647,-3.2256038610373086,-7.283603833333333,112.79648666666667,2.2821614866583335,-4.184068781721533,-7.283600833333334,112.79645816666667,-0.8650128273926099,-3.8522923617894795,0.15,0.08660254037844385,0.15,0.08660254037844387
1747923073.6214414,2025-05-22 21:11:13.621441,-7.283595166666666,112.796424,-4.637941176063647,-3.2256038610373086,-7.283603833333333,112.79648666666667,2.2821614866583335,-4.184068781721533,-7.283600833333334,112.79645816666667,-0.8650128273926099,-3.8522923617894795,0.15,0.08660254037844385,0.15,0.08660254037844387
1747923073.7299275,2025-05-22 21:11:13.729928,-7.283595166666666,112.796424,-4.637941176063647,-3.2256038610373086,-7.283603833333333,112.79648666666667,2.2821614866583335,-4.184068781721533,-7.283600833333334,112.79645816666667,-0.8650128273926099,-3.8522923617894795,0.15,0.08660254037844385,0.15,0.08660254037844387
1747923073.8382187,2025-05-22 21:11:13.838219,-7.283595166666666,112.796424,-4.637941176063647,-3.2256038610373086,-7.283603833333333,112.79648666666667,2.2821614866583335,-4.184068781721533,-7.283600833333334,112.79645816666667,-0.8650128273926099,-3.8522923617894795,0.15,0.08660254037844385,0.15,0.08660254037844385
1747923073.945141,2025-05-22 21:11:13.945141,-7.283595833333333,112.79642583333333,-4.435491356087639,-3.2993319259440645,-7.283603833333333,112.79648666666667,2.2821614866583335,-4.184068781721533,-7.283600833333334,112.79645816666667,-0.8650128273926099,-3.8522923617894795,0.15,0.08660254037844388,0.15,0.08660254037844387
1747923074.0527318,2025-05-22 21:11:14.052732,-7.283595833333333,112.79642583333333,-4.435491356087639,-3.2993319259440645,-7.283603833333333,112.79648666666667,2.2821614866583335,-4.184068781721533,-7.283600833333334,112.79645816666667,-0.8650128273926099,-3.8522923617894795,0.15,0.08660254037844388,0.15,0.08660254037844387
1747923074.1601493,2025-05-22 21:11:14.160149,-7.283595833333333,112.79642583333333,-4.435491356087639,-3.2993319259440645,-7.283603833333333,112.79648666666667,2.2821614866583335,-4.184068781721533,-7.283600833333334,112.79645816666667,-0.8650128273926099,-3.8522923617894795,0.15,0.08660254037844388,0.15,0.08660254037844387
1747923074.2703097,2025-05-22 21:11:14.270310,-7.283595833333333,112.79642583333333,-4.435491356087639,-3.2993319259440645,-7.283603833333333,112.79648666666667,2.2821614866583335,-4.184068781721533,-7.2836005,112.796458,-0.8834173560638343,-3.81542832056861,0.15,0.08660254037844385,0.15,0.08660254037844387
1747923074.378211,2025-05-22 21:11:14.378211,-7.283595833333333,112.79642583333333,-4.435491356087639,-3.2993319259440645,-7.283603833333333,112.79648666666667,2.2821614866583335,-4.184068781721533,-7.2836005,112.796458,-0.8834173560638343,-3.81542832056861,0.15,0.08660254037844385,0.15,0.08660254037844387
1747923074.4863017,2025-05-22 21:11:14.486302,-7.283595833333333,112.79642583333333,-4.435491356087639,-3.2993319259440645,-7.283604166666667,112.79648633333333,2.245352428092022,-4.220932821807949,-7.2836005,112.796458,-0.8834173560638343,-3.81542832056861,0.15,0.08660254037844384,0.15,0.08660254037844387
1747923074.5933425,2025-05-22 21:11:14.593343,-7.283595833333333,112.79642583333333,-4.435491356087639,-3.2993319259440645,-7.283604166666667,112.79648633333333,2.245352428092022,-4.220932821807949,-7.2836005,112.796458,-0.8834173560638343,-3.81542832056861,0.15,0.08660254037844384,0.15,0.08660254037844385
1747923074.700335,2025-05-22 21:11:14.700335,-7.283595833333333,112.79642583333333,-4.435491356087639,-3.2993319259440645,-7.283604166666667,112.79648633333333,2.245352428092022,-4.220932821807949,-7.2836005,112.796458,-0.8834173560638343,-3.81542832056861,0.15,0.08660254037844384,0.15,0.08660254037844384
1747923074.8068473,2025-05-22 21:11:14.806847,-7.283595833333333,112.79642583333333,-4.435491356087639,-3.2993319259440645,-7.283604166666667,112.79648633333333,2.245352428092022,-4.220932821807949,-7.2836005,112.796458,-0.8834173560638343,-3.81542832056861,0.15,0.08660254037844384,0.15,0.08660254037844384
1747923074.9127085,2025-05-22 21:11:14.912709,-7.2835945,112.79642516666667,-4.509109483141032,-3.1518757659168752,-7.283604166666667,112.79648633333333,2.245352428092022,-4.220932821807949,-7.2836005,112.796458,-0.8834173560638343,-3.81542832056861,0.15,0.08660254037844384,0.15,0.08660254037844384
1747923075.019539,2025-05-22 21:11:15.019539,-7.2835945,112.79642516666667,-4.509109483141032,-3.1518757659168752,-7.283604166666667,112.79648633333333,2.245352428092022,-4.220932821807949,-7.2836005,112.796458,-0.8834173560638343,-3.81542832056861,0.15,0.08660254037844384,0.15,0.08660254037844384
1747923075.126371,2025-05-22 21:11:15.126371,-7.2835945,112.79642516666667,-4.509109483141032,-3.1518757659168752,-7.283604166666667,112.79648633333333,2.245352428092022,-4.220932821807949,-7.2836005,112.796458,-0.8834173560638343,-3.81542832056861,0.15,0.08660254037844384,0.15,0.08660254037844384
1747923075.2336366,2025-05-22 21:11:15.233637,-7.2835945,112.79642516666667,-4.509109483141032,-3.1518757659168752,-7.283604166666667,112.79648633333333,2.245352428092022,-4.220932821807949,-7.2836005,112.796458,-0.8834173560638343,-3.81542832056861,0.15,0.08660254037844384,0.15,0.08660254037844384
1747923075.3418179,2025-05-22 21:11:15.341818,-7.2835945,112.79642516666667,-4.509109483141032,-3.1518757659168752,-7.283604166666667,112.79648633333333,2.245352428092022,-4.220932821807949,-7.2836005,112.796458,-0.8834173560638343,-3.81542832056861,0.15,0.08660254037844384,0.15,0.08660254037844384
1747923075.5055466,2025-05-22 21:11:15.505547,-7.2835945,112.79642516666667,-4.509109483141032,-3.1518757659168752,-7.2836045,112.7964865,2.263756955220291,-4.257796864276334,-7.2836005,112.796458,-0.8834173560638343,-3.81542832056861,0.15,0.08660254037844385,0.15,0.08660254037844384
1747923075.613142,2025-05-22 21:11:15.613142,-7.2835945,112.79642516666667,-4.509109483141032,-3.1518757659168752,-7.2836045,112.7964865,2.263756955220291,-4.257796864276334,-7.283600333333333,112.79645783333333,-0.9018218858836741,-3.7969962997511955,0.15,0.08660254037844384,0.15,0.08660254037844384
1747923075.7200704,2025-05-22 21:11:15.720070,-7.2835945,112.79642516666667,-4.509109483141032,-3.1518757659168752,-7.2836045,112.7964865,2.263756955220291,-4.257796864276334,-7.283600333333333,112.79645783333333,-0.9018218858836741,-3.7969962997511955,0.15,0.08660254037844384,0.15,0.08660254037844384
1747923075.8262794,2025-05-22 21:11:15.826279,-7.2835936666666665,112.79642516666667,-4.509109491309335,-3.0597156616279473,-7.2836045,112.7964865,2.263756955220291,-4.257796864276334,-7.283600333333333,112.79645783333333,-0.9018218858836741,-3.7969962997511955,0.15,0.08660254037844385,0.15,0.08660254037844384
1747923075.9326828,2025-05-22 21:11:15.932683,-7.2835936666666665,112.79642516666667,-4.509109491309335,-3.0597156616279473,-7.2836045,112.7964865,2.263756955220291,-4.257796864276334,-7.283600333333333,112.79645783333333,-0.9018218858836741,-3.7969962997511955,0.15,0.08660254037844385,0.15,0.08660254037844384
1747923076.0384288,2025-05-22 21:11:16.038429,-7.2835936666666665,112.79642516666667,-4.509109491309335,-3.0597156616279473,-7.2836045,112.7964865,2.263756955220291,-4.257796864276334,-7.283600333333333,112.79645783333333,-0.9018218858836741,-3.7969962997511955,0.15,0.08660254037844385,0.15,0.08660254037844384
1747923076.144155,2025-05-22 21:11:16.144155,-7.2835936666666665,112.79642516666667,-4.509109491309335,-3.0597156616279473,-7.2836045,112.7964865,2.263756955220291,-4.257796864276334,-7.283600333333333,112.79645783333333,-0.9018218858836741,-3.7969962997511955,0.15,0.08660254037844385,0.15,0.08660254037844384
1747923076.2512352,2025-05-22 21:11:16.251235,-7.2835936666666665,112.79642516666667,-4.509109491309335,-3.0597156616279473,-7.2836045,112.7964865,2.263756955220291,-4.257796864276334,-7.283600333333333,112.79645783333333,-0.9018218858836741,-3.7969962997511955,0.15,0.08660254037844385,0.15,0.08660254037844385
1747923076.3576553,2025-05-22 21:11:16.357655,-7.2835936666666665,112.79642516666667,-4.509109491309335,-3.0597156616279473,-7.2836045,112.7964865,2.263756955220291,-4.257796864276334,-7.283600333333333,112.79645783333333,-0.9018218858836741,-3.7969962997511955,0.15,0.08660254037844385,0.15,0.08660254037844385
1747923076.459962,2025-05-22 21:11:16.459962,-7.2835936666666665,112.79642516666667,-4.509109491309335,-3.0597156616279473,-7.283605,112.79648716666667,2.3373750651275995,-4.3130929302898835,-7.283600333333333,112.79645783333333,-0.9018218858836741,-3.7969962997511955,0.14999999999999997,0.08660254037844382,0.15,0.08660254037844385
1747923076.562151,2025-05-22 21:11:16.562151,-7.2835936666666665,112.79642516666667,-4.509109491309335,-3.0597156616279473,-7.283605,112.79648716666667,2.3373750651275995,-4.3130929302898835,-7.283600333333333,112.79645783333333,-0.9018218858836741,-3.7969962997511955,0.14999999999999997,0.08660254037844382,0.14999999999999997,0.08660254037844385
1747923076.6695335,2025-05-22 21:11:16.669533,-7.2835936666666665,112.79642516666667,-4.509109491309335,-3.0597156616279473,-7.283605,112.79648716666667,2.3373750651275995,-4.3130929302898835,-7.283600333333333,112.79645783333333,-0.9018218858836741,-3.7969962997511955,0.14999999999999997,0.08660254037844382,0.14999999999999997,0.08660254037844384
1747923076.775704,2025-05-22 21:11:16.775704,-7.283594833333333,112.796427,-4.306659666535621,-3.188739789678341,-7.283605,112.79648716666667,2.3373750651275995,-4.3130929302898835,-7.283600333333333,112.79645783333333,-0.9018218858836741,-3.7969962997511955,0.15,0.08660254037844384,0.14999999999999997,0.08660254037844384
1747923076.8819327,2025-05-22 21:11:16.881933,-7.283594833333333,112.796427,-4.306659666535621,-3.188739789678341,-7.283605,112.79648716666667,2.3373750651275995,-4.3130929302898835,-7.283600333333333,112.79645783333333,-0.9018218858836741,-3.7969962997511955,0.15,0.08660254037844384,0.14999999999999997,0.08660254037844382
1747923076.9885154,2025-05-22 21:11:16.988515,-7.283594833333333,112.796427,-4.306659666535621,-3.188739789678341,-7.283605,112.79648716666667,2.3373750651275995,-4.3130929302898835,-7.283600166666667,112.7964575,-0.9386309419124934,-3.778564279687671,0.15,0.08660254037844384,0.15,0.08660254037844384
1747923077.0955405,2025-05-22 21:11:17.095541,-7.283594833333333,112.796427,-4.306659666535621,-3.188739789678341,-7.283605,112.79648716666667,2.3373750651275995,-4.3130929302898835,-7.283600166666667,112.7964575,-0.9386309419124934,-3.778564279687671,0.15,0.08660254037844384,0.15,0.08660254037844384
1747923077.201409,2025-05-22 21:11:17.201409,-7.283594833333333,112.796427,-4.306659666535621,-3.188739789678341,-7.283605,112.79648716666667,2.3373750651275995,-4.3130929302898835,-7.283600166666667,112.7964575,-0.9386309419124934,-3.778564279687671,0.15,0.08660254037844384,0.15,0.08660254037844384
1747923077.3073378,2025-05-22 21:11:17.307338,-7.283594833333333,112.796427,-4.306659666535621,-3.188739789678341,-7.283605,112.79648716666667,2.3373750651275995,-4.3130929302898835,-7.283600166666667,112.7964575,-0.9386309419124934,-3.778564279687671,0.15,0.08660254037844384,0.15,0.08660254037844384
1747923077.413888,2025-05-22 21:11:17.413888,-7.283594833333333,112.796427,-4.306659666535621,-3.188739789678341,-7.283605166666667,112.796487,2.3189705350200884,-4.331524950428454,-7.283600166666667,112.7964575,-0.9386309419124934,-3.778564279687671,0.15,0.08660254037844385,0.15,0.08660254037844384
1747923077.5194337,2025-05-22 21:11:17.519434,-7.283594833333333,112.796427,-4.306659666535621,-3.188739789678341,-7.283605166666667,112.796487,2.3189705350200884,-4.331524950428454,-7.283600166666667,112.7964575,-0.9386309419124934,-3.778564279687671,0.15,0.08660254037844385,0.15,0.08660254037844384
1747923077.625384,2025-05-22 21:11:17.625384,-7.283594833333333,112.796427,-4.306659666535621,-3.188739789678341,-7.283605166666667,112.796487,2.3189705350200884,-4.331524950428454,-7.283600166666667,112.7964575,-0.9386309419124934,-3.778564279687671,0.15,0.08660254037844385,0.15,0.08660254037844384
1747923077.730813,2025-05-22 21:11:17.730813,-7.283594333333333,112.7964265,-4.3618732572892664,-3.13344373212214,-7.283605166666667,112.796487,2.3189705350200884,-4.331524950428454,-7.283600166666667,112.7964575,-0.9386309419124934,-3.778564279687671,0.15,0.08660254037844384,0.15,0.08660254037844384
1747923077.8374603,2025-05-22 21:11:17.837460,-7.283594333333333,112.7964265,-4.3618732572892664,-3.13344373212214,-7.283605166666667,112.796487,2.3189705350200884,-4.331524950428454,-7.283600166666667,112.7964575,-0.9386309419124934,-3.778564279687671,0.15,0.08660254037844384,0.15,0.08660254037844385
1747923077.9432218,2025-05-22 21:11:17.943222,-7.283594333333333,112.7964265,-4.3618732572892664,-3.13344373212214,-7.283605166666667,112.796487,2.3189705350200884,-4.331524950428454,-7.283600166666667,112.7964575,-0.9386309419124934,-3.778564279687671,0.15,0.08660254037844384,0.15,0.08660254037844384
1747923078.048211,2025-05-22 21:11:18.048211,-7.283594333333333,112.7964265,-4.3618732572892664,-3.13344373212214,-7.283605166666667,112.796487,2.3189705350200884,-4.331524950428454,-7.283600166666667,112.7964575,-0.9386309419124934,-3.778564279687671,0.15,0.08660254037844384,0.15,0.08660254037844384
1747923078.1532393,2025-05-22 21:11:18.153239,-7.283594333333333,112.7964265,-4.3618732572892664,-3.13344373212214,-7.283605166666667,112.796487,2.3189705350200884,-4.331524950428454,-7.283600166666667,112.7964575,-0.9386309419124934,-3.778564279687671,0.15,0.08660254037844384,0.15,0.08660254037844384
1747923078.2589214,2025-05-22 21:11:18.258921,-7.283594333333333,112.7964265,-4.3618732572892664,-3.13344373212214,-7.283605166666667,112.796487,2.3189705350200884,-4.331524950428454,-7.283600166666667,112.7964575,-0.9386309419124934,-3.778564279687671,0.15,0.08660254037844384,0.15,0.08660254037844384
1747923078.3642786,2025-05-22 21:11:18.364279,-7.283594333333333,112.7964265,-4.3618732572892664,-3.13344373212214,-7.283605166666667,112.796487,2.3189705350200884,-4.331524950428454,-7.283599833333334,112.79645716666667,-0.9754399991631058,-3.7417002388472893,0.15,0.08660254037844384,0.15,0.08660254037844384
1747923078.4715047,2025-05-22 21:11:18.471505,-7.283594333333333,112.7964265,-4.3618732572892664,-3.13344373212214,-7.283605333333333,112.79648716666667,2.3373750638631368,-4.34995697197611,-7.283599833333334,112.79645716666667,-0.9754399991631058,-3.7417002388472893,0.15000000000000002,0.08660254037844384,0.15,0.08660254037844384
1747923078.5807023,2025-05-22 21:11:18.580702,-7.283594333333333,112.7964265,-4.3618732572892664,-3.13344373212214,-7.283605333333333,112.79648716666667,2.3373750638631368,-4.34995697197611,-7.283599833333334,112.79645716666667,-0.9754399991631058,-3.7417002388472893,0.15000000000000002,0.08660254037844384,0.15,0.08660254037844384
1747923078.6894834,2025-05-22 21:11:18.689483,-7.283595,112.79642716666666,-4.2882551370455095,-3.2071718090666654,-7.283605333333333,112.79648716666667,2.3373750638631368,-4.34995697197611,-7.283599833333334,112.79645716666667,-0.9754399991631058,-3.7417002388472893,0.15000000000000002,0.08660254037844384,0.15000000000000002,0.08660254037844384
1747923078.7958603,2025-05-22 21:11:18.795860,-7.283595,112.79642716666666,-4.2882551370455095,-3.2071718090666654,-7.283605333333333,112.79648716666667,2.3373750638631368,-4.34995697197611,-7.283599833333334,112.79645716666667,-0.9754399991631058,-3.7417002388472893,0.15000000000000002,0.08660254037844384,0.15000000000000002,0.08660254037844384
1747923078.90314,2025-05-22 21:11:18.903140,-7.283595,112.79642716666666,-4.2882551370455095,-3.2071718090666654,-7.283605333333333,112.79648716666667,2.3373750638631368,-4.34995697197611,-7.283599833333334,112.79645716666667,-0.9754399991631058,-3.7417002388472893,0.15000000000000002,0.08660254037844384,0.15000000000000002,0.08660254037844384
1747923079.0099952,2025-05-22 21:11:19.009995,-7.283595,112.79642716666666,-4.2882551370455095,-3.2071718090666654,-7.283605333333333,112.79648716666667,2.3373750638631368,-4.34995697197611,-7.283599833333334,112.79645716666667,-0.9754399991631058,-3.7417002388472893,0.15000000000000002,0.08660254037844384,0.15000000000000002,0.08660254037844384
1747923079.117612,2025-05-22 21:11:19.117612,-7.283595,112.79642716666666,-4.2882551370455095,-3.2071718090666654,-7.283605333333333,112.79648716666667,2.3373750638631368,-4.34995697197611,-7.283599833333334,112.79645716666667,-0.9754399991631058,-3.7417002388472893,0.15000000000000002,0.08660254037844384,0.15000000000000002,0.08660254037844384
1747923079.2259088,2025-05-22 21:11:19.225909,-7.283595,112.79642716666666,-4.2882551370455095,-3.2071718090666654,-7.283605333333333,112.79648716666667,2.3373750638631368,-4.34995697197611,-7.283599833333334,112.79645716666667,-0.9754399991631058,-3.7417002388472893,0.15000000000000002,0.08660254037844384,0.15000000000000002,0.08660254037844384
1747923079.334785,2025-05-22 21:11:19.334785,-7.283595,112.79642716666666,-4.2882551370455095,-3.2071718090666654,-7.283605333333333,112.79648716666667,2.3373750638631368,-4.34995697197611,-7.283599833333334,112.79645716666667,-0.9754399991631058,-3.7417002388472893,0.15000000000000002,0.08660254037844384,0.15000000000000002,0.08660254037844384
1747923079.441977,2025-05-22 21:11:19.441977,-7.283595,112.79642716666666,-4.2882551370455095,-3.2071718090666654,-7.283605333333333,112.7964875,2.3741841190869883,-4.349956973674043,-7.283599833333334,112.79645716666667,-0.9754399991631058,-3.7417002388472893,0.15000000000000002,0.08660254037844385,0.15000000000000002,0.08660254037844384
1747923079.5496485,2025-05-22 21:11:19.549649,-7.283595,112.79642716666666,-4.2882551370455095,-3.2071718090666654,-7.283605333333333,112.7964875,2.3741841190869883,-4.349956973674043,-7.283599833333334,112.79645716666667,-0.9754399991631058,-3.7417002388472893,0.15000000000000002,0.08660254037844385,0.15000000000000002,0.08660254037844384
1747923079.6557555,2025-05-22 21:11:19.655756,-7.283596333333334,112.79642866666667,-4.12261436791017,-3.354627962097078,-7.283605333333333,112.7964875,2.3741841190869883,-4.349956973674043,-7.283599833333334,112.79645716666667,-0.9754399991631058,-3.7417002388472893,0.15000000000000002,0.08660254037844384,0.15000000000000002,0.08660254037844384
1747923079.7634828,2025-05-22 21:11:19.763483,-7.283596333333334,112.79642866666667,-4.12261436791017,-3.354627962097078,-7.283605333333333,112.7964875,2.3741841190869883,-4.349956973674043,-7.2835995,112.7964565,-1.0490581131618657,-3.704836198554914,0.15,0.08660254037844384,0.15000000000000002,0.08660254037844384
1747923079.8701608,2025-05-22 21:11:19.870161,-7.283596333333334,112.79642866666667,-4.12261436791017,-3.354627962097078,-7.283605333333333,112.7964875,2.3741841190869883,-4.349956973674043,-7.2835995,112.7964565,-1.0490581131618657,-3.704836198554914,0.15,0.08660254037844384,0.15000000000000002,0.08660254037844384
1747923079.975931,2025-05-22 21:11:19.975931,-7.283596333333334,112.79642866666667,-4.12261436791017,-3.354627962097078,-7.283605333333333,112.7964875,2.3741841190869883,-4.349956973674043,-7.2835995,112.7964565,-1.0490581131618657,-3.704836198554914,0.15,0.08660254037844384,0.15000000000000002,0.08660254037844384
1747923080.0811617,2025-05-22 21:11:20.081162,-7.283596333333334,112.79642866666667,-4.12261436791017,-3.354627962097078,-7.283605333333333,112.7964875,2.3741841190869883,-4.349956973674043,-7.2835995,112.7964565,-1.0490581131618657,-3.704836198554914,0.15,0.08660254037844384,0.15000000000000002,0.08660254037844384
1747923080.1863725,2025-05-22 21:11:20.186373,-7.283596333333334,112.79642866666667,-4.12261436791017,-3.354627962097078,-7.283605333333333,112.7964875,2.3741841190869883,-4.349956973674043,-7.2835995,112.7964565,-1.0490581131618657,-3.704836198554914,0.15,0.08660254037844384,0.15,0.08660254037844384
1747923080.2943196,2025-05-22 21:11:20.294320,-7.283596333333334,112.79642866666667,-4.12261436791017,-3.354627962097078,-7.283605333333333,112.7964875,2.3741841190869883,-4.349956973674043,-7.2835995,112.7964565,-1.0490581131618657,-3.704836198554914,0.15,0.08660254037844384,0.15,0.08660254037844384
1747923080.4018385,2025-05-22 21:11:20.401839,-7.283596333333334,112.79642866666667,-4.12261436791017,-3.354627962097078,-7.283605333333333,112.7964875,2.3741841190869883,-4.349956973674043,-7.2835995,112.7964565,-1.0490581131618657,-3.704836198554914,0.15,0.08660254037844384,0.15,0.08660254037844384
1747923080.5123336,2025-05-22 21:11:20.512334,-7.283596333333334,112.79642866666667,-4.12261436791017,-3.354627962097078,-7.283605333333333,112.79648766666666,2.3925886464842705,-4.349956974534447,-7.2835995,112.7964565,-1.0490581131618657,-3.704836198554914,0.15,0.08660254037844384,0.15,0.08660254037844384
1747923080.614563,2025-05-22 21:11:20.614563,-7.2835985,112.79643266666666,-3.680905668616237,-3.5942441983421567,-7.283605333333333,112.79648766666666,2.3925886464842705,-4.349956974534447,-7.2835995,112.7964565,-1.0490581131618657,-3.704836198554914,0.14999999999999997,0.08660254037844388,0.15,0.08660254037844385
1747923080.7176201,2025-05-22 21:11:20.717620,-7.2835985,112.79643266666666,-3.680905668616237,-3.5942441983421567,-7.283605333333333,112.79648766666666,2.3925886464842705,-4.349956974534447,-7.2835995,112.7964565,-1.0490581131618657,-3.704836198554914,0.14999999999999997,0.08660254037844388,0.14999999999999997,0.08660254037844387
1747923080.8254235,2025-05-22 21:11:20.825423,-7.2835985,112.79643266666666,-3.680905668616237,-3.5942441983421567,-7.283605333333333,112.79648766666666,2.3925886464842705,-4.349956974534447,-7.2835995,112.7964565,-1.0490581131618657,-3.704836198554914,0.14999999999999997,0.08660254037844388,0.14999999999999997,0.08660254037844387
1747923080.9358091,2025-05-22 21:11:20.935809,-7.2835985,112.79643266666666,-3.680905668616237,-3.5942441983421567,-7.283605333333333,112.79648766666666,2.3925886464842705,-4.349956974534447,-7.2835995,112.7964565,-1.0490581131618657,-3.704836198554914,0.14999999999999997,0.08660254037844388,0.14999999999999997,0.08660254037844388
1747923081.044873,2025-05-22 21:11:21.044873,-7.2835985,112.79643266666666,-3.680905668616237,-3.5942441983421567,-7.283605333333333,112.79648766666666,2.3925886464842705,-4.349956974534447,-7.2835995,112.7964565,-1.0490581131618657,-3.704836198554914,0.14999999999999997,0.08660254037844388,0.14999999999999997,0.08660254037844388
1747923081.1538248,2025-05-22 21:11:21.153825,-7.2835985,112.79643266666666,-3.680905668616237,-3.5942441983421567,-7.283605333333333,112.79648766666666,2.3925886464842705,-4.349956974534447,-7.283599166666667,112.79645616666667,-1.085867169983191,-3.6679721576916577,0.15,0.08660254037844385,0.14999999999999997,0.08660254037844387
1747923081.2637434,2025-05-22 21:11:21.263743,-7.2835985,112.79643266666666,-3.680905668616237,-3.5942441983421567,-7.283605333333333,112.79648766666666,2.3925886464842705,-4.349956974534447,-7.283599166666667,112.79645616666667,-1.085867169983191,-3.6679721576916577,0.15,0.08660254037844385,0.14999999999999997,0.08660254037844387
1747923081.3726914,2025-05-22 21:11:21.372691,-7.2835985,112.79643266666666,-3.680905668616237,-3.5942441983421567,-7.283605333333333,112.79648766666666,2.3925886464842705,-4.349956974534447,-7.283599166666667,112.79645616666667,-1.085867169983191,-3.6679721576916577,0.15,0.08660254037844385,0.15,0.08660254037844387
1747923081.480071,2025-05-22 21:11:21.480071,-7.2835985,112.79643266666666,-3.680905668616237,-3.5942441983421567,-7.2836055,112.79648783333333,2.4109931741078956,-4.368388996480904,-7.283599166666667,112.79645616666667,-1.085867169983191,-3.6679721576916577,0.15,0.08660254037844385,0.15,0.08660254037844385
1747923081.582095,2025-05-22 21:11:21.582095,-7.283599333333333,112.7964345,-3.4784558496768914,-3.686404288141723,-7.2836055,112.79648783333333,2.4109931741078956,-4.368388996480904,-7.283599166666667,112.79645616666667,-1.085867169983191,-3.6679721576916577,0.15,0.08660254037844385,0.15,0.08660254037844385
1747923081.6841776,2025-05-22 21:11:21.684178,-7.283599333333333,112.7964345,-3.4784558496768914,-3.686404288141723,-7.2836055,112.79648783333333,2.4109931741078956,-4.368388996480904,-7.283599166666667,112.79645616666667,-1.085867169983191,-3.6679721576916577,0.15,0.08660254037844385,0.15,0.08660254037844385
1747923081.7900155,2025-05-22 21:11:21.790015,-7.283599333333333,112.7964345,-3.4784558496768914,-3.686404288141723,-7.2836055,112.79648783333333,2.4109931741078956,-4.368388996480904,-7.283599166666667,112.79645616666667,-1.085867169983191,-3.6679721576916577,0.15,0.08660254037844385,0.15,0.08660254037844385
1747923081.8963156,2025-05-22 21:11:21.896316,-7.283599333333333,112.7964345,-3.4784558496768914,-3.686404288141723,-7.2836055,112.79648783333333,2.4109931741078956,-4.368388996480904,-7.283599166666667,112.79645616666667,-1.085867169983191,-3.6679721576916577,0.15,0.08660254037844385,0.15,0.08660254037844385
1747923082.0029397,2025-05-22 21:11:22.002940,-7.283599333333333,112.7964345,-3.4784558496768914,-3.686404288141723,-7.2836055,112.79648783333333,2.4109931741078956,-4.368388996480904,-7.283599166666667,112.79645616666667,-1.085867169983191,-3.6679721576916577,0.15,0.08660254037844385,0.15,0.08660254037844385
1747923082.109061,2025-05-22 21:11:22.109061,-7.283599333333333,112.7964345,-3.4784558496768914,-3.686404288141723,-7.2836055,112.79648783333333,2.4109931741078956,-4.368388996480904,-7.283599166666667,112.79645616666667,-1.085867169983191,-3.6679721576916577,0.15,0.08660254037844385,0.15,0.08660254037844385
1747923082.2146845,2025-05-22 21:11:22.214684,-7.283599333333333,112.7964345,-3.4784558496768914,-3.686404288141723,-7.2836055,112.79648783333333,2.4109931741078956,-4.368388996480904,-7.283599166666667,112.79645616666667,-1.085867169983191,-3.6679721576916577,0.15,0.08660254037844385,0.15,0.08660254037844385
1747923082.323193,2025-05-22 21:11:22.323193,-7.283599333333333,112.7964345,-3.4784558496768914,-3.686404288141723,-7.2836055,112.79648783333333,2.4109931741078956,-4.368388996480904,-7.283599166666667,112.79645616666667,-1.085867169983191,-3.6679721576916577,0.15,0.08660254037844385,0.15,0.08660254037844385
1747923082.4378033,2025-05-22 21:11:22.437803,-7.283599333333333,112.7964345,-3.4784558496768914,-3.686404288141723,-7.283605666666666,112.79648833333333,2.466206756750058,-4.386821019943089,-7.283599166666667,112.79645616666667,-1.085867169983191,-3.6679721576916577,0.15,0.08660254037844384,0.15,0.08660254037844385
1747923082.5501587,2025-05-22 21:11:22.550159,-7.283600833333334,112.796437,-3.202387914780463,-3.8522924570459334,-7.283605666666666,112.79648833333333,2.466206756750058,-4.386821019943089,-7.283599,112.79645583333334,-1.1226762273683097,-3.6495401375975285,0.15,0.08660254037844384,0.15,0.08660254037844385
1747923082.657591,2025-05-22 21:11:22.657591,-7.283600833333334,112.796437,-3.202387914780463,-3.8522924570459334,-7.283605666666666,112.79648833333333,2.466206756750058,-4.386821019943089,-7.283599,112.79645583333334,-1.1226762273683097,-3.6495401375975285,0.15,0.08660254037844384,0.15,0.08660254037844384
1747923082.764197,2025-05-22 21:11:22.764197,-7.283600833333334,112.796437,-3.202387914780463,-3.8522924570459334,-7.283605666666666,112.79648833333333,2.466206756750058,-4.386821019943089,-7.283599,112.79645583333334,-1.1226762273683097,-3.6495401375975285,0.15,0.08660254037844384,0.15,0.08660254037844384
1747923082.8706625,2025-05-22 21:11:22.870662,-7.283600833333334,112.796437,-3.202387914780463,-3.8522924570459334,-7.283605666666666,112.79648833333333,2.466206756750058,-4.386821019943089,-7.283599,112.79645583333334,-1.1226762273683097,-3.6495401375975285,0.15,0.08660254037844384,0.15,0.08660254037844384
1747923082.976237,2025-05-22 21:11:22.976237,-7.283600833333334,112.796437,-3.202387914780463,-3.8522924570459334,-7.283605666666666,112.79648833333333,2.466206756750058,-4.386821019943089,-7.283599,112.79645583333334,-1.1226762273683097,-3.6495401375975285,0.15,0.08660254037844384,0.15,0.08660254037844384
1747923083.0825768,2025-05-22 21:11:23.082577,-7.283600833333334,112.796437,-3.202387914780463,-3.8522924570459334,-7.283605666666666,112.79648833333333,2.466206756750058,-4.386821019943089,-7.283599,112.79645583333334,-1.1226762273683097,-3.6495401375975285,0.15,0.08660254037844384,0.15,0.08660254037844384
1747923083.1880145,2025-05-22 21:11:23.188015,-7.283600833333334,112.796437,-3.202387914780463,-3.8522924570459334,-7.283605666666666,112.79648833333333,2.466206756750058,-4.386821019943089,-7.283599,112.79645583333334,-1.1226762273683097,-3.6495401375975285,0.15,0.08660254037844384,0.15,0.08660254037844384
1747923083.2935748,2025-05-22 21:11:23.293575,-7.283600833333334,112.796437,-3.202387914780463,-3.8522924570459334,-7.283605666666666,112.79648833333333,2.466206756750058,-4.386821019943089,-7.283599,112.79645583333334,-1.1226762273683097,-3.6495401375975285,0.15,0.08660254037844384,0.15,0.08660254037844384
1747923083.3988593,2025-05-22 21:11:23.398859,-7.283600833333334,112.796437,-3.202387914780463,-3.8522924570459334,-7.283605833333334,112.7964885,2.48461128480297,-4.40525304198215,-7.283599,112.79645583333334,-1.1226762273683097,-3.6495401375975285,0.15000000000000002,0.08660254037844384,0.15,0.08660254037844384
1747923083.5041926,2025-05-22 21:11:23.504193,-7.283602166666666,112.796439,-2.98153356597922,-3.9997486100479898,-7.283605833333334,112.7964885,2.48461128480297,-4.40525304198215,-7.283599,112.79645583333334,-1.1226762273683097,-3.6495401375975285,0.15000000000000002,0.08660254037844384,0.15,0.08660254037844384
1747923083.609844,2025-05-22 21:11:23.609844,-7.283602166666666,112.796439,-2.98153356597922,-3.9997486100479898,-7.283605833333334,112.7964885,2.48461128480297,-4.40525304198215,-7.283599,112.79645583333334,-1.1226762273683097,-3.6495401375975285,0.15000000000000002,0.08660254037844384,0.15000000000000002,0.08660254037844384
1747923083.7151332,2025-05-22 21:11:23.715133,-7.283602166666666,112.796439,-2.98153356597922,-3.9997486100479898,-7.283605833333334,112.7964885,2.48461128480297,-4.40525304198215,-7.283599,112.79645583333334,-1.1226762273683097,-3.6495401375975285,0.15000000000000002,0.08660254037844384,0.15000000000000002,0.08660254037844384
1747923083.8201313,2025-05-22 21:11:23.820131,-7.283602166666666,112.796439,-2.98153356597922,-3.9997486100479898,-7.283605833333334,112.7964885,2.48461128480297,-4.40525304198215,-7.283599,112.79645583333334,-1.1226762273683097,-3.6495401375975285,0.15000000000000002,0.08660254037844384,0.15000000000000002,0.08660254037844384
1747923083.9256444,2025-05-22 21:11:23.925644,-7.283602166666666,112.796439,-2.98153356597922,-3.9997486100479898,-7.283605833333334,112.7964885,2.48461128480297,-4.40525304198215,-7.283598666666666,112.79645533333333,-1.17788981385157,-3.612676097250112,0.15,0.08660254037844384,0.15000000000000002,0.08660254037844384
1747923084.030912,2025-05-22 21:11:24.030912,-7.283602166666666,112.796439,-2.98153356597922,-3.9997486100479898,-7.283605833333334,112.7964885,2.48461128480297,-4.40525304198215,-7.283598666666666,112.79645533333333,-1.17788981385157,-3.612676097250112,0.15,0.08660254037844384,0.15000000000000002,0.08660254037844384
1747923084.135802,2025-05-22 21:11:24.135802,-7.283602166666666,112.796439,-2.98153356597922,-3.9997486100479898,-7.283605833333334,112.7964885,2.48461128480297,-4.40525304198215,-7.283598666666666,112.79645533333333,-1.17788981385157,-3.612676097250112,0.15,0.08660254037844384,0.15000000000000002,0.08660254037844384
1747923084.2425876,2025-05-22 21:11:24.242588,-7.283602166666666,112.796439,-2.98153356597922,-3.9997486100479898,-7.283605833333334,112.7964885,2.48461128480297,-4.40525304198215,-7.283598666666666,112.79645533333333,-1.17788981385157,-3.612676097250112,0.15,0.08660254037844384,0.15000000000000002,0.08660254037844384
1747923084.3480012,2025-05-22 21:11:24.348001,-7.283602166666666,112.796439,-2.98153356597922,-3.9997486100479898,-7.283605833333334,112.7964885,2.48461128480297,-4.40525304198215,-7.283598666666666,112.79645533333333,-1.17788981385157,-3.612676097250112,0.15,0.08660254037844384,0.15,0.08660254037844384
1747923084.4535813,2025-05-22 21:11:24.453581,-7.2836045,112.79644266666666,-2.5766339341695743,-4.257796879481955,-7.283606,112.796489,2.5398248667234347,-4.42368506534211,-7.283598666666666,112.79645533333333,-1.17788981385157,-3.612676097250112,0.15,0.08660254037844384,0.15,0.08660254037844384
1747923084.5617602,2025-05-22 21:11:24.561760,-7.2836045,112.79644266666666,-2.5766339341695743,-4.257796879481955,-7.283606,112.796489,2.5398248667234347,-4.42368506534211,-7.283598666666666,112.79645533333333,-1.17788981385157,-3.612676097250112,0.15,0.08660254037844384,0.15,0.08660254037844384
1747923084.6683896,2025-05-22 21:11:24.668390,-7.2836045,112.79644266666666,-2.5766339341695743,-4.257796879481955,-7.283606,112.796489,2.5398248667234347,-4.42368506534211,-7.283598666666666,112.79645533333333,-1.17788981385157,-3.612676097250112,0.15,0.08660254037844384,0.15,0.08660254037844384
1747923084.774164,2025-05-22 21:11:24.774164,-7.2836045,112.79644266666666,-2.5766339341695743,-4.257796879481955,-7.283606,112.796489,2.5398248667234347,-4.42368506534211,-7.283598666666666,112.79645533333333,-1.17788981385157,-3.612676097250112,0.15,0.08660254037844384,0.15,0.08660254037844384
1747923084.8794527,2025-05-22 21:11:24.879453,-7.2836045,112.79644266666666,-2.5766339341695743,-4.257796879481955,-7.283606,112.796489,2.5398248667234347,-4.42368506534211,-7.283598666666666,112.79645533333333,-1.17788981385157,-3.612676097250112,0.15,0.08660254037844384,0.15,0.08660254037844384
1747923084.9843884,2025-05-22 21:11:24.984388,-7.2836045,112.79644266666666,-2.5766339341695743,-4.257796879481955,-7.283606,112.796489,2.5398248667234347,-4.42368506534211,-7.283598666666666,112.79645533333333,-1.17788981385157,-3.612676097250112,0.15,0.08660254037844384,0.15,0.08660254037844384
1747923085.0898948,2025-05-22 21:11:25.089895,-7.2836045,112.79644266666666,-2.5766339341695743,-4.257796879481955,-7.283606,112.796489,2.5398248667234347,-4.42368506534211,-7.283598666666666,112.79645533333333,-1.17788981385157,-3.612676097250112,0.15,0.08660254037844384,0.15,0.08660254037844384
1747923085.194967,2025-05-22 21:11:25.194967,-7.2836045,112.79644266666666,-2.5766339341695743,-4.257796879481955,-7.283606,112.796489,2.5398248667234347,-4.42368506534211,-7.283598666666666,112.79645533333333,-1.17788981385157,-3.612676097250112,0.15,0.08660254037844384,0.15,0.08660254037844384
1747923085.303953,2025-05-22 21:11:25.303953,-7.2836045,112.79644266666666,-2.5766339341695743,-4.257796879481955,-7.283606,112.796489,2.5398248667234347,-4.42368506534211,-7.2835985,112.796455,-1.214698871305127,-3.594244077403183,0.15000000000000002,0.08660254037844384,0.15,0.08660254037844384
1747923085.41228,2025-05-22 21:11:25.412280,-7.283607666666667,112.79644516666667,-2.3005659955352686,-4.608005262233772,-7.283606,112.79648966666667,2.6134429815511058,-4.423685069144981,-7.2835985,112.796455,-1.214698871305127,-3.594244077403183,0.15,0.08660254037844389,0.15,0.08660254037844385
1747923085.5208368,2025-05-22 21:11:25.520837,-7.283607666666667,112.79644516666667,-2.3005659955352686,-4.608005262233772,-7.283606,112.79648966666667,2.6134429815511058,-4.423685069144981,-7.2835985,112.796455,-1.214698871305127,-3.594244077403183,0.15,0.08660254037844389,0.15,0.08660254037844387
1747923085.6231513,2025-05-22 21:11:25.623151,-7.283607666666667,112.79644516666667,-2.3005659955352686,-4.608005262233772,-7.283606,112.79648966666667,2.6134429815511058,-4.423685069144981,-7.2835985,112.796455,-1.214698871305127,-3.594244077403183,0.15,0.08660254037844389,0.15000000000000002,0.08660254037844387
1747923085.7258348,2025-05-22 21:11:25.725835,-7.283607666666667,112.79644516666667,-2.3005659955352686,-4.608005262233772,-7.283606,112.79648966666667,2.6134429815511058,-4.423685069144981,-7.2835985,112.796455,-1.214698871305127,-3.594244077403183,0.15,0.08660254037844389,0.15000000000000002,0.08660254037844388
1747923085.8332744,2025-05-22 21:11:25.833274,-7.283607666666667,112.79644516666667,-2.3005659955352686,-4.608005262233772,-7.283606,112.79648966666667,2.6134429815511058,-4.423685069144981,-7.2835985,112.796455,-1.214698871305127,-3.594244077403183,0.15,0.08660254037844389,0.15,0.08660254037844389
1747923085.939849,2025-05-22 21:11:25.939849,-7.283607666666667,112.79644516666667,-2.3005659955352686,-4.608005262233772,-7.283606,112.79648966666667,2.6134429815511058,-4.423685069144981,-7.2835985,112.796455,-1.214698871305127,-3.594244077403183,0.15,0.08660254037844389,0.15,0.08660254037844389
1747923086.0453386,2025-05-22 21:11:26.045339,-7.283607666666667,112.79644516666667,-2.3005659955352686,-4.608005262233772,-7.283606,112.79648966666667,2.6134429815511058,-4.423685069144981,-7.2835985,112.796455,-1.214698871305127,-3.594244077403183,0.15,0.08660254037844389,0.15,0.08660254037844389
1747923086.1505888,2025-05-22 21:11:26.150589,-7.283607666666667,112.79644516666667,-2.3005659955352686,-4.608005262233772,-7.283606,112.79648966666667,2.6134429815511058,-4.423685069144981,-7.2835985,112.796455,-1.214698871305127,-3.594244077403183,0.15,0.08660254037844389,0.15,0.08660254037844389
1747923086.2588315,2025-05-22 21:11:26.258832,-7.283607666666667,112.79644516666667,-2.3005659955352686,-4.608005262233772,-7.283606,112.79648966666667,2.6134429815511058,-4.423685069144981,-7.2835985,112.796455,-1.214698871305127,-3.594244077403183,0.15,0.08660254037844389,0.15,0.08660254037844389
1747923086.3641787,2025-05-22 21:11:26.364179,-7.283609833333333,112.79644666666667,-2.134925234451309,-4.8476215261685,-7.283606,112.79648966666667,2.6134429815511058,-4.423685069144981,-7.2835985,112.796455,-1.214698871305127,-3.594244077403183,0.15,0.08660254037844388,0.15,0.08660254037844389
1747923086.4690583,2025-05-22 21:11:26.469058,-7.283609833333333,112.79644666666667,-2.134925234451309,-4.8476215261685,-7.283606333333333,112.79648983333334,2.631847507323076,-4.460549111698238,-7.2835985,112.796455,-1.214698871305127,-3.594244077403183,0.15000000000000002,0.0866025403784438,0.15,0.08660254037844387
1747923086.5740805,2025-05-22 21:11:26.574080,-7.283609833333333,112.79644666666667,-2.134925234451309,-4.8476215261685,-7.283606333333333,112.79648983333334,2.631847507323076,-4.460549111698238,-7.2835985,112.796455,-1.214698871305127,-3.594244077403183,0.15000000000000002,0.0866025403784438,0.15,0.08660254037844385
1747923086.679281,2025-05-22 21:11:26.679281,-7.283609833333333,112.79644666666667,-2.134925234451309,-4.8476215261685,-7.283606333333333,112.79648983333334,2.631847507323076,-4.460549111698238,-7.2835985,112.79645466666666,-1.2515079270391654,-3.5942440782939893,0.15,0.08660254037844384,0.15000000000000002,0.08660254037844384
1747923086.7839358,2025-05-22 21:11:26.783936,-7.283609833333333,112.79644666666667,-2.134925234451309,-4.8476215261685,-7.283606333333333,112.79648983333334,2.631847507323076,-4.460549111698238,-7.2835985,112.79645466666666,-1.2515079270391654,-3.5942440782939893,0.15,0.08660254037844384,0.15000000000000002,0.08660254037844382
1747923086.8897886,2025-05-22 21:11:26.889789,-7.283609833333333,112.79644666666667,-2.134925234451309,-4.8476215261685,-7.283606333333333,112.79648983333334,2.631847507323076,-4.460549111698238,-7.2835985,112.79645466666666,-1.2515079270391654,-3.5942440782939893,0.15,0.08660254037844384,0.15000000000000002,0.08660254037844381
1747923086.9950902,2025-05-22 21:11:26.995090,-7.283609833333333,112.79644666666667,-2.134925234451309,-4.8476215261685,-7.283606333333333,112.79648983333334,2.631847507323076,-4.460549111698238,-7.2835985,112.79645466666666,-1.2515079270391654,-3.5942440782939893,0.15,0.08660254037844384,0.15000000000000002,0.08660254037844382
1747923087.1002789,2025-05-22 21:11:27.100279,-7.283609833333333,112.79644666666667,-2.134925234451309,-4.8476215261685,-7.283606333333333,112.79648983333334,2.631847507323076,-4.460549111698238,-7.2835985,112.79645466666666,-1.2515079270391654,-3.5942440782939893,0.15,0.08660254037844384,0.15,0.08660254037844384
1747923087.205552,2025-05-22 21:11:27.205552,-7.283609833333333,112.79644666666667,-2.134925234451309,-4.8476215261685,-7.283606333333333,112.79648983333334,2.631847507323076,-4.460549111698238,-7.2835985,112.79645466666666,-1.2515079270391654,-3.5942440782939893,0.15,0.08660254037844384,0.15,0.08660254037844384
1747923087.310618,2025-05-22 21:11:27.310618,-7.283609833333333,112.79644666666667,-2.134925234451309,-4.8476215261685,-7.283606333333333,112.79648983333334,2.631847507323076,-4.460549111698238,-7.2835985,112.79645466666666,-1.2515079270391654,-3.5942440782939893,0.15,0.08660254037844384,0.15,0.08660254037844384
1747923087.416254,2025-05-22 21:11:27.416254,-7.283612166666667,112.79645066666667,-1.6932165546659803,-5.105669801354819,-7.283606333333333,112.79649016666667,2.6686565624100513,-4.460549113659619,-7.2835985,112.79645466666666,-1.2515079270391654,-3.5942440782939893,0.14999999999999997,0.08660254037844389,0.15,0.08660254037844385
1747923087.520699,2025-05-22 21:11:27.520699,-7.283612166666667,112.79645066666667,-1.6932165546659803,-5.105669801354819,-7.283606333333333,112.79649016666667,2.6686565624100513,-4.460549113659619,-7.2835985,112.79645466666666,-1.2515079270391654,-3.5942440782939893,0.14999999999999997,0.08660254037844389,0.14999999999999997,0.08660254037844387
1747923087.6253881,2025-05-22 21:11:27.625388,-7.283612166666667,112.79645066666667,-1.6932165546659803,-5.105669801354819,-7.283606333333333,112.79649016666667,2.6686565624100513,-4.460549113659619,-7.2835985,112.79645466666666,-1.2515079270391654,-3.5942440782939893,0.14999999999999997,0.08660254037844389,0.14999999999999997,0.08660254037844387
1747923087.730279,2025-05-22 21:11:27.730279,-7.283612166666667,112.79645066666667,-1.6932165546659803,-5.105669801354819,-7.283606333333333,112.79649016666667,2.6686565624100513,-4.460549113659619,-7.2835985,112.79645466666666,-1.2515079270391654,-3.5942440782939893,0.14999999999999997,0.08660254037844389,0.14999999999999997,0.08660254037844388
1747923087.8350468,2025-05-22 21:11:27.835047,-7.283612166666667,112.79645066666667,-1.6932165546659803,-5.105669801354819,-7.283606333333333,112.79649016666667,2.6686565624100513,-4.460549113659619,-7.2835985,112.79645466666666,-1.2515079270391654,-3.5942440782939893,0.14999999999999997,0.08660254037844389,0.14999999999999997,0.08660254037844389
1747923087.939509,2025-05-22 21:11:27.939509,-7.283612166666667,112.79645066666667,-1.6932165546659803,-5.105669801354819,-7.283606333333333,112.79649016666667,2.6686565624100513,-4.460549113659619,-7.2835985,112.79645466666666,-1.2515079270391654,-3.5942440782939893,0.14999999999999997,0.08660254037844389,0.14999999999999997,0.08660254037844389
1747923088.0446868,2025-05-22 21:11:28.044687,-7.283612166666667,112.79645066666667,-1.6932165546659803,-5.105669801354819,-7.283606333333333,112.79649016666667,2.6686565624100513,-4.460549113659619,-7.283598166666667,112.7964545,-1.2699124574959764,-3.557380036834438,0.15,0.08660254037844384,0.14999999999999997,0.08660254037844388
1747923088.149655,2025-05-22 21:11:28.149655,-7.283612166666667,112.79645066666667,-1.6932165546659803,-5.105669801354819,-7.283606333333333,112.79649016666667,2.6686565624100513,-4.460549113659619,-7.283598166666667,112.7964545,-1.2699124574959764,-3.557380036834438,0.15,0.08660254037844384,0.14999999999999997,0.08660254037844387
1747923088.2546535,2025-05-22 21:11:28.254653,-7.283612166666667,112.79645066666667,-1.6932165546659803,-5.105669801354819,-7.283606333333333,112.79649016666667,2.6686565624100513,-4.460549113659619,-7.283598166666667,112.7964545,-1.2699124574959764,-3.557380036834438,0.15,0.08660254037844384,0.15,0.08660254037844387
1747923088.3597775,2025-05-22 21:11:28.359777,-7.283612833333334,112.79645116666667,-1.6380029702186603,-5.1793978826842455,-7.283606333333333,112.79649016666667,2.6686565624100513,-4.460549113659619,-7.283598166666667,112.7964545,-1.2699124574959764,-3.557380036834438,0.15,0.08660254037844388,0.15,0.08660254037844387
1747923088.4642816,2025-05-22 21:11:28.464282,-7.283612833333334,112.79645116666667,-1.6380029702186603,-5.1793978826842455,-7.283606666666667,112.79649116666667,2.7790837287769237,-4.497413161372443,-7.283598166666667,112.7964545,-1.2699124574959764,-3.557380036834438,0.15000000000000002,0.08660254037844384,0.15,0.08660254037844385
1747923088.5693836,2025-05-22 21:11:28.569384,-7.283612833333334,112.79645116666667,-1.6380029702186603,-5.1793978826842455,-7.283606666666667,112.79649116666667,2.7790837287769237,-4.497413161372443,-7.283598166666667,112.7964545,-1.2699124574959764,-3.557380036834438,0.15000000000000002,0.08660254037844384,0.15,0.08660254037844385
1747923088.6756053,2025-05-22 21:11:28.675605,-7.283612833333334,112.79645116666667,-1.6380029702186603,-5.1793978826842455,-7.283606666666667,112.79649116666667,2.7790837287769237,-4.497413161372443,-7.283598166666667,112.7964545,-1.2699124574959764,-3.557380036834438,0.15000000000000002,0.08660254037844384,0.15000000000000002,0.08660254037844385
1747923088.7778647,2025-05-22 21:11:28.777865,-7.283612833333334,112.79645116666667,-1.6380029702186603,-5.1793978826842455,-7.283606666666667,112.79649116666667,2.7790837287769237,-4.497413161372443,-7.283598166666667,112.7964545,-1.2699124574959764,-3.557380036834438,0.15000000000000002,0.08660254037844384,0.15000000000000002,0.08660254037844385
1747923088.8860097,2025-05-22 21:11:28.886010,-7.283612833333334,112.79645116666667,-1.6380029702186603,-5.1793978826842455,-7.283606666666667,112.79649116666667,2.7790837287769237,-4.497413161372443,-7.283598166666667,112.7964545,-1.2699124574959764,-3.557380036834438,0.15000000000000002,0.08660254037844384,0.15000000000000002,0.08660254037844384
1747923088.99394,2025-05-22 21:11:28.993940,-7.283612833333334,112.79645116666667,-1.6380029702186603,-5.1793978826842455,-7.283606666666667,112.79649116666667,2.7790837287769237,-4.497413161372443,-7.283598166666667,112.7964545,-1.2699124574959764,-3.557380036834438,0.15000000000000002,0.08660254037844384,0.15000000000000002,0.08660254037844384
1747923089.1014404,2025-05-22 21:11:29.101440,-7.283612833333334,112.79645116666667,-1.6380029702186603,-5.1793978826842455,-7.283606666666667,112.79649116666667,2.7790837287769237,-4.497413161372443,-7.283598166666667,112.7964545,-1.2699124574959764,-3.557380036834438,0.15000000000000002,0.08660254037844384,0.15000000000000002,0.08660254037844384
1747923089.2078686,2025-05-22 21:11:29.207869,-7.283612833333334,112.79645116666667,-1.6380029702186603,-5.1793978826842455,-7.283606666666667,112.79649116666667,2.7790837287769237,-4.497413161372443,-7.283598166666667,112.7964545,-1.2699124574959764,-3.557380036834438,0.15000000000000002,0.08660254037844384,0.15000000000000002,0.08660254037844384
1747923089.3219867,2025-05-22 21:11:29.321987,-7.283616,112.79645366666666,-1.3619350450603194,-5.529606270676944,-7.283606666666667,112.79649116666667,2.7790837287769237,-4.497413161372443,-7.283598166666667,112.7964545,-1.2699124574959764,-3.557380036834438,0.15,0.08660254037844388,0.15000000000000002,0.08660254037844385
1747923089.429354,2025-05-22 21:11:29.429354,-7.283616,112.79645366666666,-1.3619350450603194,-5.529606270676944,-7.2836065,112.79649116666667,2.779083729770004,-4.478981140695917,-7.283598333333333,112.79645416666666,-1.306721512935234,-3.575812058679574,0.15,0.08660254037844385,0.15000000000000002,0.08660254037844385
1747923089.5361311,2025-05-22 21:11:29.536131,-7.283616,112.79645366666666,-1.3619350450603194,-5.529606270676944,-7.2836065,112.79649116666667,2.779083729770004,-4.478981140695917,-7.283598333333333,112.79645416666666,-1.306721512935234,-3.575812058679574,0.15,0.08660254037844385,0.15000000000000002,0.08660254037844385
1747923089.643695,2025-05-22 21:11:29.643695,-7.283616,112.79645366666666,-1.3619350450603194,-5.529606270676944,-7.2836065,112.79649116666667,2.779083729770004,-4.478981140695917,-7.283598333333333,112.79645416666666,-1.306721512935234,-3.575812058679574,0.15,0.08660254037844385,0.15000000000000002,0.08660254037844385
1747923089.7505007,2025-05-22 21:11:29.750501,-7.283616,112.79645366666666,-1.3619350450603194,-5.529606270676944,-7.2836065,112.79649116666667,2.779083729770004,-4.478981140695917,-7.283598333333333,112.79645416666666,-1.306721512935234,-3.575812058679574,0.15,0.08660254037844385,0.15,0.08660254037844385
1747923089.856721,2025-05-22 21:11:29.856721,-7.283616,112.79645366666666,-1.3619350450603194,-5.529606270676944,-7.2836065,112.79649116666667,2.779083729770004,-4.478981140695917,-7.283598333333333,112.79645416666666,-1.306721512935234,-3.575812058679574,0.15,0.08660254037844385,0.15,0.08660254037844385
1747923089.9627368,2025-05-22 21:11:29.962737,-7.283616,112.79645366666666,-1.3619350450603194,-5.529606270676944,-7.2836065,112.79649116666667,2.779083729770004,-4.478981140695917,-7.283598333333333,112.79645416666666,-1.306721512935234,-3.575812058679574,0.15,0.08660254037844385,0.15,0.08660254037844385
1747923090.0681832,2025-05-22 21:11:30.068183,-7.283616,112.79645366666666,-1.3619350450603194,-5.529606270676944,-7.2836065,112.79649116666667,2.779083729770004,-4.478981140695917,-7.283598333333333,112.79645416666666,-1.306721512935234,-3.575812058679574,0.15,0.08660254037844385,0.15,0.08660254037844385
1747923090.173821,2025-05-22 21:11:30.173821,-7.283616,112.79645366666666,-1.3619350450603194,-5.529606270676944,-7.2836065,112.79649116666667,2.779083729770004,-4.478981140695917,-7.283598333333333,112.79645416666666,-1.306721512935234,-3.575812058679574,0.15,0.08660254037844385,0.15,0.08660254037844385
1747923090.2838595,2025-05-22 21:11:30.283859,-7.283616,112.79645366666666,-1.3619350450603194,-5.529606270676944,-7.2836065,112.79649116666667,2.779083729770004,-4.478981140695917,-7.283598333333333,112.79645416666666,-1.306721512935234,-3.575812058679574,0.15,0.08660254037844385,0.15,0.08660254037844385
1747923090.3912609,2025-05-22 21:11:30.391261,-7.2836175,112.79645516666666,-1.1962942927706979,-5.6954944541942565,-7.2836065,112.79649116666667,2.779083729770004,-4.478981140695917,-7.283598333333333,112.79645416666666,-1.306721512935234,-3.575812058679574,0.15,0.08660254037844382,0.15,0.08660254037844385
1747923090.5000603,2025-05-22 21:11:30.500060,-7.2836175,112.79645516666666,-1.1962942927706979,-5.6954944541942565,-7.283606333333333,112.79649116666667,2.779083730539112,-4.460549119647093,-7.283598333333333,112.79645416666666,-1.306721512935234,-3.575812058679574,0.15,0.08660254037844384,0.15,0.08660254037844385
1747923090.6119928,2025-05-22 21:11:30.611993,-7.2836175,112.79645516666666,-1.1962942927706979,-5.6954944541942565,-7.283606333333333,112.79649116666667,2.779083730539112,-4.460549119647093,-7.283598333333333,112.79645416666666,-1.306721512935234,-3.575812058679574,0.15,0.08660254037844384,0.15,0.08660254037844384
1747923090.7737322,2025-05-22 21:11:30.773732,-7.2836175,112.79645516666666,-1.1962942927706979,-5.6954944541942565,-7.283606333333333,112.79649116666667,2.779083730539112,-4.460549119647093,-7.283598166666667,112.79645383333333,-1.3435305706812015,-3.5573800387075467,0.15,0.08660254037844384,0.15,0.08660254037844384
1747923090.8818717,2025-05-22 21:11:30.881872,-7.2836175,112.79645516666666,-1.1962942927706979,-5.6954944541942565,-7.283606333333333,112.79649116666667,2.779083730539112,-4.460549119647093,-7.283598166666667,112.79645383333333,-1.3435305706812015,-3.5573800387075467,0.15,0.08660254037844384,0.15,0.08660254037844384
1747923090.9893432,2025-05-22 21:11:30.989343,-7.2836175,112.79645516666666,-1.1962942927706979,-5.6954944541942565,-7.283606333333333,112.79649116666667,2.779083730539112,-4.460549119647093,-7.283598166666667,112.79645383333333,-1.3435305706812015,-3.5573800387075467,0.15,0.08660254037844384,0.15,0.08660254037844384
1747923091.0954676,2025-05-22 21:11:31.095468,-7.2836175,112.79645516666666,-1.1962942927706979,-5.6954944541942565,-7.283606333333333,112.79649116666667,2.779083730539112,-4.460549119647093,-7.283598166666667,112.79645383333333,-1.3435305706812015,-3.5573800387075467,0.15,0.08660254037844384,0.15,0.08660254037844384
1747923091.2042835,2025-05-22 21:11:31.204283,-7.2836175,112.79645516666666,-1.1962942927706979,-5.6954944541942565,-7.283606333333333,112.79649116666667,2.779083730539112,-4.460549119647093,-7.283598166666667,112.79645383333333,-1.3435305706812015,-3.5573800387075467,0.15,0.08660254037844384,0.15,0.08660254037844384
1747923091.3120296,2025-05-22 21:11:31.312030,-7.2836175,112.79645516666666,-1.1962942927706979,-5.6954944541942565,-7.283606333333333,112.79649116666667,2.779083730539112,-4.460549119647093,-7.283598166666667,112.79645383333333,-1.3435305706812015,-3.5573800387075467,0.15,0.08660254037844384,0.15,0.08660254037844384
1747923091.4194305,2025-05-22 21:11:31.419430,-7.283618333333333,112.79645666666667,-1.0306535408389432,-5.787654554854026,-7.283606166666667,112.79649116666667,2.7790837318930413,-4.442117098963942,-7.283598166666667,112.79645383333333,-1.3435305706812015,-3.5573800387075467,0.15000000000000002,0.08660254037844382,0.15,0.08660254037844384
1747923091.5263946,2025-05-22 21:11:31.526395,-7.283618333333333,112.79645666666667,-1.0306535408389432,-5.787654554854026,-7.283606166666667,112.79649116666667,2.7790837318930413,-4.442117098963942,-7.283598166666667,112.79645383333333,-1.3435305706812015,-3.5573800387075467,0.15000000000000002,0.08660254037844382,0.15,0.08660254037844384
