time,predictions,gps_updates,interpolations,timing_violations,imu_read_count,imu_error_count,imu_actual_rate,gps_read_count,gps_error_count,gps_actual_rate,imu_buffer_overruns,gps_buffer_overruns
1749663506.3964164,22,22,0,1,201,0,49.4233418692594,109,0,16.31287078560265,0,0
1749663506.4579895,23,23,0,2,203,0,49.39830069913433,109,0,16.31287078560265,0,0
1749663506.5013435,24,24,0,2,205,0,49.32611347335572,109,0,16.31287078560265,0,0
1749663506.5514154,25,25,0,2,207,0,49.269816448582674,109,0,16.31287078560265,0,0
1749663506.5922117,26,26,0,2,209,0,50.23261740873573,109,0,16.31287078560265,0,0
1749663506.6419475,27,27,0,2,211,0,50.122249271881905,110,0,15.30049430074185,0,0
1749663506.687655,28,28,0,2,213,0,50.22225990015667,110,0,15.30049430074185,0,0
1749663506.723915,29,29,0,2,215,0,49.98817723469333,110,0,15.30049430074185,0,0
1749663506.771421,30,30,0,2,217,0,49.71340415182327,110,0,15.30049430074185,0,0
1749663506.8223755,31,31,0,2,219,0,48.89815744018862,111,0,14.390460303529558,0,0
1749663506.870809,32,32,0,2,222,0,48.28470485033862,111,0,14.390460303529558,0,0
1749663506.9159925,33,33,0,2,223,0,48.397862986510965,111,0,14.390460303529558,0,0
1749663506.9614403,34,34,0,2,226,0,49.331114338976874,111,0,14.390460303529558,0,0
1749663507.0050902,35,35,0,2,229,0,49.77064916917282,111,0,14.390460303529558,0,0
1749663507.0484228,36,36,0,2,230,0,49.68147645394255,112,0,13.573383805143052,0,0
1749663507.092365,37,37,0,2,232,0,48.812455980035125,112,0,13.573383805143052,0,0
1749663507.1378949,38,38,0,2,235,0,48.65179117018913,112,0,13.573383805143052,0,0
1749663507.1791942,39,39,0,2,237,0,48.50655959143645,112,0,13.573383805143052,0,0
1749663507.2235456,40,40,0,2,238,0,48.43012999441374,112,0,13.573383805143052,0,0
1749663507.2664025,41,41,0,2,241,0,48.22396002921282,113,0,12.881367883690599,0,0
1749663507.3066,42,42,0,2,242,0,48.437646881656946,113,0,12.881367883690599,0,0
1749663507.3456159,43,43,0,2,244,0,48.81525104164242,113,0,12.881367883690599,0,0
1749663507.3884518,44,44,0,2,246,0,49.31402740128033,113,0,12.881367883690599,0,0
1749663507.4305463,45,45,0,2,248,0,48.85331161611209,113,0,12.881367883690599,0,0
1749663507.4732,46,46,0,2,251,0,49.44065618107218,114,0,12.231754237132435,0,0
1749663507.5131478,47,47,0,2,253,0,49.90536040385906,114,0,12.231754237132435,0,0
1749663507.567594,48,48,0,2,256,0,49.66265234282034,114,0,12.231754237132435,0,0
1749663507.6214678,49,49,0,2,258,0,49.88354214556471,114,0,12.231754237132435,0,0
1749663507.6632328,50,50,0,2,260,0,50.3806986482039,115,0,11.651498222955844,0,0
1749663507.7015884,51,51,0,2,262,0,50.73406655720644,115,0,11.651498222955844,0,0
1749663507.7394361,52,52,0,2,264,0,50.560513196615275,115,0,11.651498222955844,0,0
1749663507.7775464,53,53,0,2,265,0,50.63185031634766,115,0,11.651498222955844,0,0
1749663507.8061862,54,54,0,2,267,0,50.629662293002575,115,0,11.651498222955844,0,0
1749663507.842047,55,55,0,2,269,0,51.26662408202848,116,0,11.12818748124543,0,0
1749663507.8794963,56,56,0,2,271,0,51.77966423926446,116,0,11.12818748124543,0,0
1749663507.917796,57,57,0,2,273,0,51.92863635677068,116,0,11.12818748124543,0,0
1749663507.955555,58,58,0,2,275,0,51.65625488014006,116,0,11.12818748124543,0,0
1749663507.993512,59,59,0,2,277,0,51.45041883542555,116,0,11.12818748124543,0,0
1749663508.0312126,60,60,0,2,279,0,51.49954225947012,116,0,11.12818748124543,0,0
1749663508.07231,61,61,0,2,281,0,51.92749199230627,117,0,10.646950032362453,0,0
1749663508.1116874,62,62,0,2,283,0,52.16767470426779,117,0,10.646950032362453,0,0
1749663508.1529357,63,63,0,2,285,0,52.015304338163766,117,0,10.646950032362453,0,0
1749663508.1952682,64,64,0,2,287,0,52.175591852738656,117,0,10.646950032362453,0,0
1749663508.2353046,65,65,0,2,290,0,52.51259697662545,117,0,10.646950032362453,0,0
1749663508.2763033,66,66,0,2,292,0,52.55660452304892,118,0,10.21667176651282,0,0
1749663508.313913,67,67,0,2,293,0,52.66942024639565,118,0,10.21667176651282,0,0
1749663508.3519523,68,68,0,2,295,0,52.41910246604378,118,0,10.21667176651282,0,0
1749663508.392623,69,69,0,2,297,0,52.72337869762832,118,0,10.21667176651282,0,0
1749663508.425853,70,70,0,2,299,0,51.824154631871295,119,0,9.820141481265422,0,0
1749663508.4810498,71,71,0,2,300,0,51.49631755577934,119,0,9.820141481265422,1,0
1749663508.5224588,72,72,0,2,303,0,50.310368726443464,119,0,9.820141481265422,4,0
1749663508.565811,73,73,0,2,304,0,50.63727840854489,119,0,9.820141481265422,5,0
1749663508.604254,74,74,0,2,306,0,50.45435703265197,119,0,9.820141481265422,7,0
1749663508.6443455,75,75,0,2,308,0,49.84928636541371,120,0,9.446885526325687,9,0
1749663508.6858196,76,76,0,2,309,0,49.880053943616076,120,0,9.446885526325687,10,0
1749663508.7224894,77,77,0,2,311,0,49.17796442840681,120,0,9.446885526325687,12,0
1749663508.7598307,78,78,0,2,313,0,49.3902617093774,120,0,9.446885526325687,14,0
1749663508.797408,79,79,0,2,315,0,49.366694985135744,120,0,9.446885526325687,16,0
1749663508.8366075,80,80,0,2,317,0,49.69031694295671,120,0,9.446885526325687,18,0
1749663508.8750541,81,81,0,2,319,0,49.740535455885095,121,0,9.10119201784798,20,0
1749663508.9132862,82,82,0,2,321,0,49.6410222421582,121,0,9.10119201784798,22,0
1749663508.9515162,83,83,0,2,323,0,49.58222262152025,121,0,9.10119201784798,24,0
1749663508.9905767,84,84,0,2,325,0,49.52058013039238,121,0,9.10119201784798,26,0
1749663509.0299792,85,85,0,2,327,0,49.49587257471282,121,0,9.10119201784798,28,0
1749663509.070067,86,86,0,2,329,0,49.37345925124937,122,0,8.780359545782257,30,0
1749663509.1102884,87,87,0,2,331,0,49.3384027985104,122,0,8.780359545782257,32,0
1749663509.1502016,88,88,0,2,333,0,49.45299099346381,122,0,8.780359545782257,34,0
1749663509.1911836,89,89,0,2,335,0,49.56876878637173,122,0,8.780359545782257,36,0
1749663509.2345326,90,90,0,2,338,0,49.79757104247233,123,0,8.484367320828571,39,0
1749663509.2867653,91,91,0,2,340,0,49.61580701346793,123,0,8.484367320828571,41,0
1749663509.3296318,92,92,0,2,342,0,49.583195612217054,123,0,8.484367320828571,43,0
1749663509.3616748,93,93,0,2,344,0,49.641457009637364,123,0,8.484367320828571,45,0
1749663509.3969123,94,94,0,2,346,0,49.42409897112471,123,0,8.484367320828571,47,0
1749663509.4307017,95,95,0,2,348,0,49.67761634841264,123,0,8.484367320828571,49,0
1749663509.4818065,96,96,0,2,350,0,50.343013438713925,124,0,8.206983515450982,51,0
1749663509.5251322,97,97,0,2,352,0,50.22569989960378,124,0,8.206983515450982,53,0
1749663509.5678353,98,98,0,2,354,0,50.40466217744376,124,0,8.206983515450982,55,0
1749663509.6138215,99,99,0,2,355,0,50.61217712640205,124,0,8.206983515450982,56,0
1749663509.6502051,100,100,0,2,357,0,50.582744791765904,125,0,7.951261277403987,58,0
1749663509.6901798,101,101,0,2,359,0,50.56607231123488,125,0,7.951261277403987,60,0
1749663509.7279584,102,102,0,2,361,0,50.955894394577534,125,0,7.951261277403987,62,0
1749663509.7660685,103,103,0,2,363,0,51.2477319573773,125,0,7.951261277403987,64,0
1749663509.8027842,104,104,0,2,364,0,51.470357603476266,125,0,7.951261277403987,65,0
1749663509.8423898,105,105,0,2,366,0,51.131504256870734,125,0,7.951261277403987,67,0
1749663509.882617,106,106,0,2,368,0,50.86181117496335,126,0,7.703526883305095,69,0
1749663509.9205995,107,107,0,2,371,0,50.93135451312109,126,0,7.703526883305095,72,0
1749663509.9597573,108,108,0,2,372,0,51.194688051166565,126,0,7.703526883305095,73,0
1749663509.9974751,109,109,0,2,375,0,51.199500004882765,126,0,7.703526883305095,76,0
1749663510.0330467,110,110,0,2,376,0,51.30088589743747,126,0,7.703526883305095,77,0
1749663510.068898,111,111,0,2,378,0,51.197950082076794,127,0,7.475287268868805,79,0
1749663510.1105137,112,112,0,2,380,0,51.21270315097691,127,0,7.475287268868805,81,0
1749663510.142036,113,113,0,2,383,0,51.36290417189872,127,0,7.475287268868805,84,0
1749663510.186447,114,114,0,2,385,0,51.314819414045346,127,0,7.475287268868805,86,0
1749663510.2415693,115,115,0,2,387,0,51.14070624659056,128,0,7.25716866842614,88,0
1749663510.2971244,116,116,0,2,390,0,50.99709481100222,128,0,7.25716866842614,91,0
1749663510.3408327,117,117,0,2,392,0,50.88667918723097,128,0,7.25716866842614,93,0
1749663510.3835483,118,118,0,2,394,0,51.31882513123648,128,0,7.25716866842614,95,0
1749663510.4117293,119,119,0,2,395,0,51.40954157632243,128,0,7.25716866842614,96,0
1749663510.4293878,120,120,0,2,396,0,51.7253099224004,128,0,7.25716866842614,97,0
1749663510.4569077,121,121,0,2,398,0,51.481855618222326,129,0,7.056618003758478,99,0
1749663510.4772625,122,122,0,2,399,0,51.586571834936905,129,0,7.056618003758478,100,0
1749663510.5074582,123,123,0,2,401,0,51.87440526235985,129,0,7.056618003758478,102,0
1749663510.5399656,124,124,0,2,402,0,52.10931777273536,129,0,7.056618003758478,103,0
1749663510.5657134,125,125,0,2,404,0,52.29178245701701,129,0,7.056618003758478,105,0
1749663510.593968,126,126,0,2,405,0,51.90845665339223,129,0,7.056618003758478,106,0
1749663510.633064,127,127,0,2,407,0,52.147827505400905,130,0,6.864876452800619,108,0
1749663510.683732,128,128,0,2,409,0,51.827036281732795,130,0,6.864876452800619,110,0
1749663510.7199316,129,129,0,2,410,0,51.88388945104045,130,0,6.864876452800619,111,0
1749663510.7648768,130,130,0,2,412,0,50.808011724001425,130,0,6.864876452800619,113,0
1749663510.791651,131,131,0,2,413,0,50.48750494727243,130,0,6.864876452800619,114,0
1749663510.8196006,132,132,0,2,415,0,50.723329492474534,130,0,6.864876452800619,116,0
1749663510.8539238,133,133,0,2,416,0,50.45558305777648,131,0,6.684635781807755,117,0
1749663510.9013114,134,134,0,2,419,0,50.70971529658802,131,0,6.684635781807755,120,0
1749663510.9498713,135,135,0,2,421,0,50.559367390727836,131,0,6.684635781807755,122,0
1749663510.9987931,136,136,0,2,424,0,50.084124244523686,131,0,6.684635781807755,125,0
1749663511.0458546,137,137,0,2,426,0,50.299182895392,132,0,6.509491684346865,127,0
1749663511.093021,138,138,0,2,428,0,50.34727982343958,132,0,6.509491684346865,129,0
1749663511.140544,139,139,0,2,431,0,49.66167623123377,132,0,6.509491684346865,132,0
1749663511.190001,140,140,0,2,433,0,49.27469012883564,132,0,6.509491684346865,134,0
1749663511.2495804,141,141,0,2,435,0,49.550908036683445,133,0,6.343066679188551,136,0
1749663511.2990918,142,142,0,2,438,0,49.64231481645866,133,0,6.343066679188551,139,0
1749663511.3557618,143,143,0,2,441,0,49.87568844627919,133,0,6.343066679188551,142,0
1749663511.3990977,144,144,0,2,444,0,49.86940252367971,133,0,6.343066679188551,145,0
1749663511.442465,145,145,0,2,446,0,49.04708904289801,134,0,6.17909854694459,147,0
1749663511.4839242,146,146,0,2,447,0,49.04830498584204,134,0,6.17909854694459,148,0
1749663511.52814,147,147,0,2,449,0,48.88187038269376,134,0,6.17909854694459,150,0
1749663511.5735793,148,148,0,2,452,0,48.69699129206719,134,0,6.17909854694459,153,0
1749663511.6123464,149,149,0,2,453,0,48.91933886001709,134,0,6.17909854694459,154,0
1749663511.6486292,150,150,0,2,456,0,49.562841103878505,135,0,6.0255896317490905,157,0
1749663511.6984594,151,151,0,2,458,0,49.5422224112108,135,0,6.0255896317490905,159,0
1749663511.7276073,152,152,0,2,459,0,49.70349522731716,135,0,6.0255896317490905,160,0
1749663511.7652066,153,153,0,2,461,0,50.65573528946435,135,0,6.0255896317490905,162,0
1749663511.802546,154,154,0,2,463,0,51.04555479478229,135,0,6.0255896317490905,164,0
1749663511.8410642,155,155,0,2,465,0,51.260985053751696,135,0,6.0255896317490905,166,0
1749663511.8793702,156,156,0,2,467,0,51.58636880424232,136,0,5.884909502993818,168,0
1749663511.9169147,157,157,0,2,469,0,51.36153302451705,136,0,5.884909502993818,170,0
1749663511.9543111,158,158,0,2,471,0,51.48725261149361,136,0,5.884909502993818,172,0
1749663511.9939847,159,159,0,2,473,0,51.655987682282294,136,0,5.884909502993818,174,0
1749663512.0324104,160,160,0,2,475,0,51.810979969355415,136,0,5.884909502993818,176,0
1749663512.0703125,161,161,0,2,477,0,51.67623893242707,137,0,5.752928294356526,178,0
1749663512.1145465,162,162,0,2,480,0,52.254830605207616,137,0,5.752928294356526,181,0
1749663512.1492643,163,163,0,2,481,0,51.75035287382416,137,0,5.752928294356526,182,0
1749663512.2039409,164,164,0,2,483,0,52.001568116744856,137,0,5.752928294356526,184,0
1749663512.2376392,165,165,0,2,485,0,51.824321118474124,137,0,5.752928294356526,186,0
1749663512.2742507,166,166,0,2,487,0,52.16628620623865,138,0,5.632679593244186,188,0
1749663512.3149793,167,167,0,2,490,0,52.28166632055737,138,0,5.632679593244186,191,0
1749663512.3558393,168,168,0,2,492,0,51.96256587766267,138,0,5.632679593244186,193,0
1749663512.397548,169,169,0,2,494,0,51.76818617620544,138,0,5.632679593244186,195,0
1749663512.4342215,170,170,0,2,495,0,52.219127149712115,138,0,5.632679593244186,196,0
1749663512.4759662,171,171,0,2,497,0,52.27405572653552,139,0,5.528767013501129,198,0
1749663512.5114524,172,172,0,2,499,0,52.65954094352931,139,0,5.528767013501129,200,0
1749663512.5495715,173,173,0,2,501,0,52.64846254786533,139,0,5.528767013501129,202,0
1749663512.6014078,174,174,0,2,503,0,51.744096246419254,139,0,5.528767013501129,204,0
1749663512.6507704,175,175,0,2,505,0,51.62910390238006,140,0,5.4328033344684314,206,0
1749663512.6920714,176,176,0,2,507,0,51.26320292352632,140,0,5.4328033344684314,208,0
1749663512.7297902,177,177,0,2,508,0,51.529025914002645,140,0,5.4328033344684314,209,0
1749663512.7663755,178,178,0,2,510,0,50.92526960875375,140,0,5.4328033344684314,211,0
1749663512.8033357,179,179,0,2,512,0,50.18596416833502,140,0,5.4328033344684314,213,0
1749663512.8402548,180,180,0,2,513,0,50.155885726530805,140,0,5.4328033344684314,214,0
1749663512.8775167,181,181,0,2,515,0,50.22480978462614,141,0,5.358816247908214,216,0
1749663512.913685,182,182,0,2,517,0,50.252851528802836,141,0,5.358816247908214,218,0
1749663512.9511654,183,183,0,2,519,0,50.25147880078039,141,0,5.358816247908214,220,0
1749663512.9892526,184,184,0,2,522,0,50.2031680523205,141,0,5.358816247908214,223,0
1749663513.0311584,185,185,0,2,523,0,50.19302690601206,141,0,5.358816247908214,224,0
1749663513.0710864,186,186,0,2,525,0,49.97090603052937,142,0,5.294599501035945,226,0
1749663513.1151824,187,187,0,2,527,0,49.478157696245,142,0,5.294599501035945,228,0
1749663513.1630244,188,188,0,2,529,0,49.49804547636705,142,0,5.294599501035945,230,0
1749663513.2046514,189,189,0,2,531,0,49.9183797244667,142,0,5.294599501035945,232,0
1749663513.2456698,190,190,0,2,533,0,50.06344012839375,142,0,5.294599501035945,234,0
1749663513.284699,191,191,0,2,536,0,49.897369240656104,143,0,5.2344624609166,237,0
1749663513.3392777,192,192,0,2,538,0,49.806299125828616,143,0,5.2344624609166,239,0
1749663513.3717985,193,193,0,2,539,0,49.83029937831881,143,0,5.2344624609166,240,0
1749663513.3919356,194,194,0,2,541,0,49.90761691624219,143,0,5.2344624609166,242,0
1749663513.4193103,195,195,0,2,543,0,50.23101718940344,143,0,5.2344624609166,244,0
1749663513.440799,196,196,0,2,544,0,50.433681389492705,144,0,5.182218376791335,245,0
1749663513.4722002,197,197,0,2,546,0,50.524895620770316,144,0,5.182218376791335,247,0
1749663513.4954295,198,198,0,2,547,0,50.72990617219922,144,0,5.182218376791335,248,0
1749663513.5259435,199,199,0,2,549,0,50.733919275290546,144,0,5.182218376791335,250,0
1749663513.561458,200,200,0,2,551,0,51.15158332798765,144,0,5.182218376791335,252,0
1749663513.623478,201,201,0,3,554,0,51.214141404767766,144,0,5.182218376791335,255,0
1749663513.6694212,202,202,0,3,556,0,51.30747513101174,145,0,5.135268773880973,257,0
1749663513.712303,203,203,0,3,558,0,51.550698292952426,145,0,5.135268773880973,259,0
1749663513.7539926,204,204,0,3,560,0,52.189913717436866,145,0,5.135268773880973,261,0
1749663513.7942526,205,205,0,3,562,0,52.87695866314952,145,0,5.135268773880973,263,0
1749663513.8338313,206,206,0,3,564,0,52.819160001994746,145,0,5.135268773880973,265,0
1749663513.8756936,207,207,0,3,566,0,52.694273751158335,146,0,5.091102647810253,267,0
1749663513.914711,208,208,0,3,568,0,52.545911700702945,146,0,5.091102647810253,269,0
1749663513.9554646,209,209,0,3,570,0,52.39753177291451,146,0,5.091102647810253,271,0
1749663513.9955046,210,210,0,3,572,0,52.305555035946554,146,0,5.091102647810253,273,0
1749663514.0350943,211,211,0,3,574,0,52.16312018810194,146,0,5.091102647810253,275,0
1749663514.0759282,212,212,0,3,576,0,52.53905320314681,147,0,5.053558414768565,277,0
1749663514.1194212,213,213,0,3,578,0,52.47241769721081,147,0,5.053558414768565,279,0
1749663514.1662502,214,214,0,3,580,0,52.67080920057434,147,0,5.053558414768565,281,0
1749663514.2117994,215,215,0,3,582,0,52.1729438831968,147,0,5.053558414768565,283,0
1749663514.257688,216,216,0,3,585,0,51.717184470975496,148,0,5.023969930233687,286,0
1749663514.2991734,217,217,0,3,587,0,51.42132763824764,148,0,5.023969930233687,288,0
1749663514.340906,218,218,0,3,589,0,51.224036278742126,148,0,5.023969930233687,290,0
1749663514.3853962,219,219,0,3,591,0,50.799568925319385,148,0,5.023969930233687,292,0
1749663514.4303627,220,220,0,3,593,0,50.61438807006145,148,0,5.023969930233687,294,0
1749663514.4770677,221,221,0,3,595,0,50.49646442015022,149,0,4.994575907407226,296,0
1749663514.5280812,222,222,0,3,597,0,50.33647627480428,149,0,4.994575907407226,298,0
1749663514.569681,223,223,0,3,600,0,49.837191296780475,149,0,4.994575907407226,301,0
1749663514.609345,224,224,0,3,601,0,49.502251634494506,149,0,4.994575907407226,302,0
1749663514.6291652,225,225,0,3,602,0,49.644007015465704,149,0,4.994575907407226,303,0
1749663514.6717894,226,226,0,3,604,0,49.83667019165647,150,0,4.968594927756843,305,0
1749663514.7100563,227,227,0,3,606,0,49.45596486027521,150,0,4.968594927756843,307,0
1749663514.7488286,228,228,0,3,607,0,49.38911017259501,150,0,4.968594927756843,308,0
1749663514.7886333,229,229,0,3,609,0,49.01625178830908,150,0,4.968594927756843,310,0
1749663514.8214724,230,230,0,3,610,0,48.85907078506899,150,0,4.968594927756843,311,0
1749663514.8634465,231,231,0,3,612,0,48.63257747660901,151,0,4.973227619868627,313,0
1749663514.8984766,232,232,0,3,614,0,48.33678872914806,151,0,4.973227619868627,315,0
1749663514.9380648,233,233,0,3,616,0,48.63746125751541,151,0,4.973227619868627,317,0
1749663514.9707863,234,234,0,3,618,0,48.760113444493065,151,0,4.973227619868627,319,0
1749663515.0120034,235,235,0,3,620,0,48.485543477305924,151,0,4.973227619868627,321,0
1749663515.0556273,236,236,0,3,622,0,48.45772572049937,152,0,4.977467023644887,323,0
1749663515.0992885,237,237,0,3,624,0,48.31225747714492,152,0,4.977467023644887,325,0
1749663515.142996,238,238,0,3,626,0,48.03347303334706,152,0,4.977467023644887,327,0
1749663515.1853797,239,239,0,3,628,0,48.085324743873066,152,0,4.977467023644887,329,0
1749663515.2290504,240,240,0,3,630,0,48.25021109375324,152,0,4.977467023644887,331,0
1749663515.2747862,241,241,0,3,633,0,49.045701106243015,153,0,4.9801212102617445,334,0
1749663515.3191714,242,242,0,3,635,0,48.81384210879135,153,0,4.9801212102617445,336,0
1749663515.3605807,243,243,0,3,637,0,49.20374080869414,153,0,4.9801212102617445,338,0
1749663515.4008143,244,244,0,3,639,0,49.19051463575621,153,0,4.9801212102617445,340,0
1749663515.442468,245,245,0,3,641,0,49.50003162862891,154,0,4.985634236067909,342,0
1749663515.4816053,246,246,0,3,643,0,49.51169472598196,154,0,4.985634236067909,344,0
1749663515.522178,247,247,0,3,645,0,49.313482391753936,154,0,4.985634236067909,346,0
1749663515.5638518,248,248,0,3,647,0,49.23331189167109,154,0,4.985634236067909,348,0
1749663515.6049159,249,249,0,3,650,0,49.769645184999376,154,0,4.985634236067909,351,0
1749663515.6534111,250,250,0,3,651,0,50.02983203170569,155,0,4.993025270685924,352,0
1749663515.6939883,251,251,0,3,654,0,49.665604431830666,155,0,4.993025270685924,355,0
1749663515.7338293,252,252,0,3,655,0,49.79495794328725,155,0,4.993025270685924,356,0
1749663515.7721853,253,253,0,3,657,0,50.00889459499547,155,0,4.993025270685924,358,0
1749663515.8100653,254,254,0,3,659,0,50.35116008155481,155,0,4.993025270685924,360,0
1749663515.8489285,255,255,0,3,661,0,50.90289659451051,156,0,4.9962441544964005,362,0
1749663515.8872123,256,256,0,3,663,0,51.335809284523215,156,0,4.9962441544964005,364,0
1749663515.9260674,257,257,0,3,665,0,51.24808261266613,156,0,4.9962441544964005,366,0
1749663515.9648077,258,258,0,3,667,0,51.14041941371039,156,0,4.9962441544964005,368,0
1749663516.0006099,259,259,0,3,668,0,51.02619203338628,156,0,4.9962441544964005,369,0
1749663516.0404727,260,260,0,3,670,0,51.25378143374078,157,0,4.998024886548649,371,0
1749663516.0792725,261,261,0,3,672,0,51.35348372748826,157,0,4.998024886548649,373,0
1749663516.1187692,262,262,0,3,674,0,51.51907615328529,157,0,4.998024886548649,375,0
1749663516.1566792,263,263,0,3,676,0,51.85708856286654,157,0,4.998024886548649,377,0
1749663516.1981585,264,264,0,3,678,0,51.59383123225284,157,0,4.998024886548649,379,0
1749663516.2404892,265,265,0,3,680,0,51.44982558129551,158,0,4.999965429545055,381,0
1749663516.279707,266,266,0,3,682,0,51.2764389492735,158,0,4.999965429545055,383,0
1749663516.3228,267,267,0,3,684,0,51.47014285426784,158,0,4.999965429545055,385,0
1749663516.361623,268,268,0,3,686,0,51.19060172546447,158,0,4.999965429545055,387,0
1749663516.401073,269,269,0,3,688,0,51.65397742512871,158,0,4.999965429545055,389,0
1749663516.436205,270,270,0,3,690,0,51.70332479809552,159,0,5.004506115387767,391,0
1749663516.4803863,271,271,0,3,692,0,50.58800372061429,159,0,5.004506115387767,393,0
1749663516.5191877,272,272,0,3,694,0,50.337624082731104,159,0,5.004506115387767,395,0
1749663516.5689042,273,273,0,3,696,0,50.889519266001614,159,0,5.004506115387767,397,0
1749663516.61041,274,274,0,3,699,0,51.09954747162073,159,0,5.004506115387767,400,0
1749663516.6539805,275,275,0,3,701,0,51.06181147943128,160,0,5.006929570547121,402,0
1749663516.693692,276,276,0,3,702,0,51.42516084830407,160,0,5.006929570547121,403,0
1749663516.72964,277,277,0,3,704,0,50.67797724223526,160,0,5.006929570547121,405,0
1749663516.7658453,278,278,0,3,705,0,50.70859950194562,160,0,5.006929570547121,406,0
1749663516.7968924,279,279,0,3,706,0,50.2565125035467,160,0,5.006929570547121,407,0
1749663516.8380892,280,280,0,3,708,0,49.79409485313112,161,0,5.009211432184051,409,0
1749663516.8743775,281,281,0,3,709,0,49.683359649943675,161,0,5.009211432184051,410,0
1749663516.912334,282,282,0,3,711,0,49.05998569713819,161,0,5.009211432184051,412,0
1749663516.9518542,283,283,0,3,713,0,48.97938974281962,161,0,5.009211432184051,414,0
1749663516.9898973,284,284,0,3,715,0,48.93452046362389,161,0,5.009211432184051,416,0
1749663517.0281162,285,285,0,3,717,0,49.0618450268066,161,0,5.009211432184051,418,0
1749663517.0679598,286,286,0,3,719,0,49.39518251692728,162,0,5.014494832838376,420,0
1749663517.1072333,287,287,0,3,722,0,49.33518771889874,162,0,5.014494832838376,423,0
1749663517.1505578,288,288,0,3,723,0,49.4967487217807,162,0,5.014494832838376,424,0
1749663517.1923327,289,289,0,3,726,0,49.61939923472888,162,0,5.014494832838376,427,0
1749663517.234008,290,290,0,3,728,0,50.14891738080452,163,0,5.009152804894789,429,0
1749663517.275347,291,291,0,3,730,0,50.40783642027906,163,0,5.009152804894789,431,0
1749663517.31578,292,292,0,3,732,0,50.25617528620219,163,0,5.009152804894789,433,0
1749663517.3546312,293,293,0,3,734,0,50.126286618876854,163,0,5.009152804894789,435,0
1749663517.3960652,294,294,0,3,736,0,50.299182895392,163,0,5.009152804894789,437,0
1749663517.440385,295,295,0,3,739,0,49.903519715934635,164,0,5.007347875763356,440,0
1749663517.4820018,296,296,0,3,740,0,49.91356796166764,164,0,5.007347875763356,441,0
1749663517.5230694,297,297,0,3,743,0,50.416791878123774,164,0,5.007347875763356,444,0
1749663517.5768447,298,298,0,3,745,0,50.756524778134796,164,0,5.007347875763356,446,0
1749663517.6176746,299,299,0,3,747,0,50.37813291079945,164,0,5.007347875763356,448,0
1749663517.6579611,300,300,0,3,749,0,50.10220395494425,165,0,5.010344165388528,450,0
1749663517.6983721,301,301,0,3,751,0,50.32953013337199,165,0,5.010344165388528,452,0
1749663517.7315128,302,302,0,3,753,0,50.84463374636452,165,0,5.010344165388528,454,0
1749663517.7700791,303,303,0,3,755,0,51.33012989962835,165,0,5.010344165388528,456,0
1749663517.8093383,304,304,0,3,756,0,51.79369279057873,165,0,5.010344165388528,457,0
1749663517.8458247,305,305,0,3,757,0,51.556033683784065,165,0,5.010344165388528,458,0
1749663517.8824089,306,306,0,3,759,0,51.5432229998341,166,0,5.012467280007654,460,0
1749663517.9209962,307,307,0,3,761,0,51.76800727118693,166,0,5.012467280007654,462,0
1749663517.9634652,308,308,0,3,763,0,52.22894593836684,166,0,5.012467280007654,464,0
1749663518.0090702,309,309,0,3,765,0,51.863064724222006,166,0,5.012467280007654,466,0
1749663518.051629,310,310,0,3,767,0,51.05993422340474,167,0,5.015840008357692,468,0
1749663518.0896118,311,311,0,3,770,0,51.40253552755841,167,0,5.015840008357692,471,0
1749663518.1385603,312,312,0,3,772,0,51.04005124565692,167,0,5.015840008357692,473,0
1749663518.187516,313,313,0,3,774,0,51.03038874210571,167,0,5.015840008357692,475,0
1749663518.2296765,314,314,0,3,776,0,51.395468409885055,167,0,5.015840008357692,477,0
1749663518.268719,315,315,0,3,778,0,50.72685074881385,168,0,5.015183881291143,479,0
1749663518.3072472,316,316,0,3,781,0,50.78172029315177,168,0,5.015183881291143,482,0
1749663518.3473482,317,317,0,3,782,0,50.75965749275148,168,0,5.015183881291143,483,0
1749663518.3856924,318,318,0,3,785,0,51.412062204821886,168,0,5.015183881291143,486,0
1749663518.425549,319,319,0,3,786,0,51.39230710228435,168,0,5.015183881291143,487,0
1749663518.4662848,320,320,0,3,788,0,51.02807922526644,169,0,5.01576131202997,489,0
1749663518.509551,321,321,0,3,790,0,51.01583979316851,169,0,5.01576131202997,491,0
1749663518.5430872,322,322,0,3,792,0,51.13448394244873,169,0,5.01576131202997,493,0
1749663518.5626955,323,323,0,3,793,0,51.14028223390508,169,0,5.01576131202997,494,0
1749663518.5917487,324,324,0,3,795,0,51.330971676022,169,0,5.01576131202997,496,0
1749663518.6116633,325,325,0,3,796,0,51.54666896729543,169,0,5.01576131202997,497,0
1749663518.6407118,326,326,0,3,798,0,51.67569139256757,170,0,5.017672315242216,499,0
1749663518.6713674,327,327,0,3,800,0,51.88219513317444,170,0,5.017672315242216,501,0
1749663518.6964595,328,328,0,3,801,0,51.684338784153056,170,0,5.017672315242216,502,0
1749663518.7255683,329,329,0,3,803,0,51.409881846738564,170,0,5.017672315242216,504,0
1749663518.7609274,330,330,0,3,804,0,51.176785530391726,170,0,5.017672315242216,505,0
1749663518.8069773,331,331,0,3,806,0,51.00433809460923,170,0,5.017672315242216,507,0
1749663518.846236,332,332,0,3,808,0,51.99097103517008,171,0,5.018563270091415,509,0
1749663518.8913715,333,333,0,3,811,0,51.976307263044745,171,0,5.018563270091415,512,0
1749663518.9279242,334,334,0,3,812,0,51.757850050334994,171,0,5.018563270091415,513,0
1749663518.9714153,335,335,0,3,814,0,51.79241366519237,171,0,5.018563270091415,515,0
1749663519.0053074,336,336,0,3,815,0,51.27803124236662,171,0,5.018563270091415,516,0
1749663519.0487673,337,337,0,3,818,0,51.878447489804415,172,0,5.020649485623022,519,0
1749663519.08254,338,338,0,3,819,0,51.728639926435704,172,0,5.020649485623022,520,0
1749663519.1293468,339,339,0,3,821,0,50.88659275502175,172,0,5.020649485623022,522,0
1749663519.1739974,340,340,0,3,823,0,50.909260395708884,172,0,5.020649485623022,524,0
1749663519.219892,341,341,0,3,825,0,50.24866133083889,172,0,5.020649485623022,526,0
1749663519.265739,342,342,0,3,828,0,50.02110895224702,173,0,5.018522317656043,529,0
1749663519.3137162,343,343,0,3,830,0,50.19802487362839,173,0,5.018522317656043,531,0
1749663519.3612087,344,344,0,3,832,0,50.38799790581803,173,0,5.018522317656043,533,0
1749663519.406205,345,345,0,3,834,0,49.99898674157309,173,0,5.018522317656043,535,0
1749663519.4468188,346,346,0,3,836,0,49.670380267059016,174,0,5.018530243881695,537,0
1749663519.4844146,347,347,0,3,838,0,50.063583543189665,174,0,5.018530243881695,539,0
1749663519.5381298,348,348,0,3,842,0,50.30104082268022,174,0,5.018530243881695,543,0
1749663519.5824351,349,349,0,3,843,0,50.20440593724019,174,0,5.018530243881695,544,0
1749663519.6239336,350,350,0,3,845,0,49.86758820299702,174,0,5.018530243881695,546,0
1749663519.6669931,351,351,0,3,847,0,50.01780428452415,175,0,5.016445308838142,548,0
1749663519.7065883,352,352,0,3,849,0,49.15960053511398,175,0,5.016445308838142,550,0
1749663519.7449923,353,353,0,3,852,0,49.399778482667514,175,0,5.016445308838142,553,0
1749663519.7856998,354,354,0,3,853,0,49.40442185821134,175,0,5.016445308838142,554,0
1749663519.8260765,355,355,0,3,855,0,49.71833062830216,175,0,5.016445308838142,556,0
1749663519.867726,356,356,0,3,857,0,49.92335879628913,176,0,5.017681319267904,558,0
1749663519.9059803,357,357,0,3,859,0,49.995637320695074,176,0,5.017681319267904,560,0
1749663519.9412408,358,358,0,3,861,0,49.593150445537454,176,0,5.017681319267904,562,0
1749663519.9752004,359,359,0,3,863,0,49.83058354346043,176,0,5.017681319267904,564,0
1749663520.0148082,360,360,0,3,864,0,50.019164275405544,176,0,5.017681319267904,565,0
1749663520.0552099,361,361,0,3,867,0,50.56329260112769,177,0,5.015615802306551,568,0
1749663520.0983288,362,362,0,3,869,0,50.22121356022959,177,0,5.015615802306551,570,0
1749663520.1555812,363,363,0,3,872,0,51.00999523989865,177,0,5.015615802306551,573,0
1749663520.208242,364,364,0,3,874,0,51.566593662317636,177,0,5.015615802306551,575,0
1749663520.2481298,365,365,0,3,876,0,52.167947221903674,178,0,5.016020443406074,577,0
1749663520.2880802,366,366,0,3,878,0,51.81031437218208,178,0,5.016020443406074,579,0
1749663520.3253384,367,367,0,3,880,0,51.7506976707458,178,0,5.016020443406074,581,0
1749663520.3641577,368,368,0,3,882,0,51.58310784269596,178,0,5.016020443406074,583,0
1749663520.402231,369,369,0,3,884,0,51.70416611194115,178,0,5.016020443406074,585,0
1749663520.4445903,370,370,0,3,887,0,52.20525708914428,179,0,5.015911868899259,588,0
1749663520.4823158,371,371,0,3,888,0,52.13058697719695,179,0,5.015911868899259,589,0
1749663520.5212142,372,372,0,3,890,0,51.97682254535126,179,0,5.015911868899259,591,0
1749663520.5611758,373,373,0,3,893,0,51.71237673274455,179,0,5.015911868899259,594,0
1749663520.5985057,374,374,0,3,894,0,51.923352128703144,179,0,5.015911868899259,595,0
1749663520.639661,375,375,0,3,896,0,51.63929965736348,180,0,5.015785424514325,597,0
1749663520.6802018,376,376,0,3,898,0,51.368943123245415,180,0,5.015785424514325,599,0
1749663520.7105877,377,377,0,3,899,0,51.51891162211395,180,0,5.015785424514325,600,0
1749663520.7492893,378,378,0,3,901,0,51.27872084880304,180,0,5.015785424514325,602,0
1749663520.7869527,379,379,0,3,902,0,50.96224668653978,180,0,5.015785424514325,603,0
1749663520.8071373,380,380,0,3,904,0,50.78452407186325,180,0,5.015785424514325,605,0
1749663520.8343015,381,381,0,3,905,0,50.87294015306381,180,0,5.015785424514325,606,0
1749663520.8571177,382,382,0,3,906,0,51.01559158958122,181,0,5.015331764782635,607,0
1749663520.8848653,383,383,0,3,908,0,50.773138719495954,181,0,5.015331764782635,609,0
1749663520.9182048,384,384,0,3,909,0,50.59758485820795,181,0,5.015331764782635,610,0
1749663520.9447038,385,385,0,3,911,0,51.01170751807476,181,0,5.015331764782635,612,0
1749663520.9744794,386,386,0,3,913,0,50.609148080756405,181,0,5.015331764782635,614,0
1749663521.0209866,387,387,0,3,914,0,50.705693761741614,181,0,5.015331764782635,615,0
1749663521.066977,388,388,0,3,917,0,50.227119337404545,182,0,5.017776163634737,618,0
1749663521.1143413,389,389,0,3,919,0,50.17784687797738,182,0,5.017776163634737,620,0
1749663521.1619737,390,390,0,3,921,0,50.24767408706569,182,0,5.017776163634737,622,0
1749663521.2201917,391,391,0,3,923,0,49.99680539516308,182,0,5.017776163634737,624,0
1749663521.266007,392,392,0,3,925,0,48.97030867739078,183,0,5.020197709639166,626,0
1749663521.3122132,393,393,0,3,927,0,49.51780894500238,183,0,5.020197709639166,628,0
1749663521.3564868,394,394,0,3,929,0,49.064817951602244,183,0,5.020197709639166,630,0
1749663521.39921,395,395,0,3,932,0,48.969805543017564,183,0,5.020197709639166,633,0
1749663521.4510653,396,396,0,3,935,0,49.317297711438755,184,0,5.026014871659815,636,0
1749663521.4960392,397,397,0,3,937,0,49.3856442546193,184,0,5.026014871659815,638,0
1749663521.5369987,398,398,0,3,939,0,49.54578057416965,184,0,5.026014871659815,640,0
1749663521.5815399,399,399,0,3,942,0,49.587345904954304,184,0,5.026014871659815,643,0
1749663521.633739,400,400,0,3,944,0,49.60634763841699,185,0,5.029665078563694,645,0
1749663521.6763062,401,401,0,3,946,0,49.50862065098763,185,0,5.029665078563694,647,0
1749663521.7146304,402,402,0,3,948,0,50.038701426369464,185,0,5.029665078563694,649,0
1749663521.7525058,403,403,0,3,950,0,50.062997937945475,185,0,5.029665078563694,651,0
1749663521.7900362,404,404,0,3,952,0,49.73631229958394,185,0,5.029665078563694,653,0
1749663521.8298135,405,405,0,3,953,0,49.65288119734086,185,0,5.029665078563694,654,0
1749663521.8692737,406,406,0,3,955,0,49.77120433075398,186,0,5.029784141244714,656,0
1749663521.907375,407,407,0,3,957,0,49.86406666321108,186,0,5.029784141244714,658,0
1749663521.9449892,408,408,0,3,959,0,50.32350364417022,186,0,5.029784141244714,660,0
1749663521.9840426,409,409,0,3,961,0,50.418125168288654,186,0,5.029784141244714,662,0
1749663522.022403,410,410,0,3,963,0,50.62471243529945,186,0,5.029784141244714,664,0
1749663522.064362,411,411,0,3,965,0,50.83318446454624,187,0,5.027375636188411,666,0
1749663522.1066585,412,412,0,3,967,0,51.048884831888024,187,0,5.027375636188411,668,0
1749663522.1480994,413,413,0,3,969,0,51.24069481939636,187,0,5.027375636188411,670,0
1749663522.1904287,414,414,0,3,972,0,51.01241479695514,187,0,5.027375636188411,673,0
1749663522.235963,415,415,0,3,973,0,50.885148145847566,187,0,5.027375636188411,674,0
1749663522.2815795,416,416,0,3,975,0,51.65091144813536,188,0,5.020611383790643,676,0
1749663522.320876,417,417,0,3,978,0,52.42628353839016,188,0,5.020611383790643,679,0
1749663522.364263,418,418,0,3,980,0,51.75871868818311,188,0,5.020611383790643,681,0
1749663522.4039898,419,419,0,3,982,0,51.50810549136817,188,0,5.020611383790643,683,0
1749663522.4434261,420,420,0,3,983,0,51.51435579175166,188,0,5.020611383790643,684,0
1749663522.477421,421,421,0,3,985,0,51.35959593188991,189,0,5.0202002333015034,686,0
1749663522.5217636,422,422,0,3,987,0,50.90645518432651,189,0,5.0202002333015034,688,0
1749663522.5688932,423,423,0,3,990,0,51.07668521969298,189,0,5.0202002333015034,691,0
1749663522.6100225,424,424,0,3,992,0,51.29245414769836,189,0,5.0202002333015034,693,0
1749663522.6499693,425,425,0,3,994,0,51.19932500889881,189,0,5.0202002333015034,695,0
1749663522.6906219,426,426,0,3,996,0,51.453814531888874,190,0,5.019375371205211,697,0
1749663522.7267814,427,427,0,3,998,0,51.49391509791852,190,0,5.019375371205211,699,0
1749663522.7651033,428,428,0,3,1000,0,51.54104416995564,190,0,5.019375371205211,701,0
1749663522.8000658,429,429,0,3,1002,0,51.9572232524549,190,0,5.019375371205211,703,0
1749663522.8368354,430,430,0,3,1003,0,52.01858146655475,190,0,5.019375371205211,704,0
1749663522.873752,431,431,0,3,1004,0,51.70216484966164,191,0,5.019295722984444,705,0
1749663522.911002,432,432,0,3,1007,0,51.13070640838063,191,0,5.019295722984444,708,0
1749663522.9484398,433,433,0,3,1008,0,51.20673838671642,191,0,5.019295722984444,709,0
1749663522.9853623,434,434,0,3,1009,0,50.87867927842425,191,0,5.019295722984444,710,0
1749663523.0225549,435,435,0,3,1011,0,49.929598892247974,191,0,5.019295722984444,712,0
1749663523.067703,436,436,0,3,1014,0,50.28401093939645,192,0,5.018403427275647,715,0
1749663523.1150336,437,437,0,3,1015,0,50.20253110619735,192,0,5.018403427275647,716,0
1749663523.1551743,438,438,0,3,1017,0,50.071508487663536,192,0,5.018403427275647,718,0
1749663523.2005904,439,439,0,3,1019,0,49.926175560753876,192,0,5.018403427275647,720,0
1749663523.2346494,440,440,0,3,1021,0,49.72259788738138,192,0,5.018403427275647,722,0
1749663523.2746649,441,441,0,3,1023,0,49.81804783943835,193,0,5.017655267708754,724,0
1749663523.3181975,442,442,0,3,1025,0,50.12535210089356,193,0,5.017655267708754,726,0
1749663523.3585203,443,443,0,3,1027,0,49.505488526158224,193,0,5.017655267708754,728,0
1749663523.3846729,444,444,0,3,1028,0,49.494575933974254,193,0,5.017655267708754,729,0
1749663523.424316,445,445,0,3,1031,0,50.28812262410638,193,0,5.017655267708754,732,0
1749663523.4623022,446,446,0,3,1032,0,50.31382080701166,194,0,5.017859365506208,733,0
1749663523.5042086,447,447,0,3,1035,0,50.22066034064717,194,0,5.017859365506208,736,0
1749663523.5473394,448,448,0,3,1037,0,50.41709489242368,194,0,5.017859365506208,738,0
1749663523.5705042,449,449,0,3,1038,0,50.569730290206294,194,0,5.017859365506208,739,0
1749663523.6020205,450,450,0,3,1040,0,50.47218274563695,194,0,5.017859365506208,741,0
1749663523.6249623,451,451,0,3,1041,0,50.359551220140055,194,0,5.017859365506208,742,0
1749663523.6559546,452,452,0,3,1043,0,50.48440573424692,195,0,5.016742073416338,744,0
1749663523.689807,453,453,0,3,1045,0,50.50467296921871,195,0,5.016742073416338,746,0
1749663523.7164788,454,454,0,3,1046,0,50.41921609451295,195,0,5.016742073416338,747,0
1749663523.766646,455,455,0,3,1048,0,50.05378542206221,195,0,5.016742073416338,749,0
1749663523.8126962,456,456,0,3,1050,0,49.18647664597403,195,0,5.016742073416338,751,0
1749663523.8579419,457,457,0,3,1052,0,49.03985198848384,196,0,5.020491072336992,753,0
1749663523.9002264,458,458,0,3,1055,0,49.704743934837225,196,0,5.020491072336992,756,0
1749663523.944107,459,459,0,3,1057,0,49.72826905288148,196,0,5.020491072336992,758,0
1749663523.9914787,460,460,0,3,1059,0,50.252610693900635,196,0,5.020491072336992,760,0
1749663524.0366185,461,461,0,3,1061,0,50.987696493239206,197,0,5.022392210678609,762,0
1749663524.0803154,462,462,0,3,1064,0,50.89149515995564,197,0,5.022392210678609,765,0
1749663524.123998,463,463,0,3,1066,0,51.16296430928295,197,0,5.022392210678609,767,0
1749663524.178232,464,464,0,3,1068,0,51.170991444791305,197,0,5.022392210678609,769,0
1749663524.2221057,465,465,0,3,1071,0,51.46538093523758,197,0,5.022392210678609,772,0
1749663524.2728827,466,466,0,3,1073,0,51.43190818169133,198,0,5.022146491837113,774,0
1749663524.2976618,467,467,0,3,1074,0,51.557288484775476,198,0,5.022146491837113,775,0
1749663524.3361232,468,468,0,3,1076,0,52.31826458649488,198,0,5.022146491837113,777,0
1749663524.3643167,469,469,0,3,1078,0,52.20949402036745,198,0,5.022146491837113,779,0
1749663524.3892457,470,470,0,3,1080,0,52.1576843567138,198,0,5.022146491837113,781,0
1749663524.4361703,471,471,0,3,1082,0,51.1472668681679,199,0,5.02169745256522,783,0
1749663524.4824505,472,472,0,3,1083,0,51.28549251535519,199,0,5.02169745256522,784,0
1749663524.5281544,473,473,0,3,1085,0,50.78022015274126,199,0,5.02169745256522,786,0
1749663524.5741055,474,474,0,3,1089,0,51.28481526821946,199,0,5.02169745256522,790,0
1749663524.6181436,475,475,0,3,1090,0,51.15812178165677,199,0,5.02169745256522,791,0
1749663524.65959,476,476,0,3,1093,0,50.95557248822056,200,0,5.022472919469251,794,0
1749663524.6985207,477,477,0,3,1095,0,50.84554596690939,200,0,5.022472919469251,796,0
1749663524.7376735,478,478,0,3,1096,0,50.785999869230075,200,0,5.022472919469251,797,0
1749663524.7859802,479,479,0,3,1099,0,51.91454747138532,200,0,5.022472919469251,800,0
1749663524.8267486,480,480,0,3,1100,0,52.23650436829422,200,0,5.022472919469251,801,0
1749663524.8666883,481,481,0,3,1102,0,51.753928768854145,201,0,5.01882461281031,803,0
1749663524.9054835,482,482,0,3,1104,0,51.59045510455105,201,0,5.01882461281031,805,0
1749663524.9445717,483,483,0,3,1105,0,51.54856951411928,201,0,5.01882461281031,806,0
1749663524.9821255,484,484,0,3,1107,0,51.100630731499905,201,0,5.01882461281031,808,0
1749663525.0196283,485,485,0,3,1109,0,50.75096055626958,201,0,5.01882461281031,810,0
1749663525.0576956,486,486,0,3,1111,0,50.92242553833147,202,0,5.0142383767344345,812,0
1749663525.100693,487,487,0,3,1113,0,51.02538505315185,202,0,5.0142383767344345,814,0
1749663525.1437995,488,488,0,3,1115,0,50.895064507306195,202,0,5.0142383767344345,816,0
1749663525.1864128,489,489,0,3,1117,0,50.62825667945197,202,0,5.0142383767344345,818,0
1749663525.2246318,490,490,0,3,1119,0,50.65383883343752,202,0,5.0142383767344345,820,0
1749663525.266559,491,491,0,3,1121,0,50.58994406561694,203,0,5.011855752564859,822,0
1749663525.3050272,492,492,0,3,1123,0,50.61600059277009,203,0,5.011855752564859,824,0
1749663525.346642,493,493,0,3,1125,0,50.22536309563155,203,0,5.011855752564859,826,0
1749663525.3877494,494,494,0,3,1127,0,50.27537979493351,203,0,5.011855752564859,828,0
1749663525.4272854,495,495,0,3,1129,0,50.11446394075213,203,0,5.011855752564859,830,0
1749663525.475382,496,496,0,3,1131,0,50.142946053974,204,0,5.010515705729204,832,0
1749663525.51348,497,497,0,3,1133,0,50.36332451658795,204,0,5.010515705729204,834,0
1749663525.5539052,498,498,0,3,1135,0,50.60328644161861,204,0,5.010515705729204,836,0
1749663525.5926378,499,499,0,3,1137,0,50.1597125437311,204,0,5.010515705729204,838,0
1749663525.6297846,500,500,0,3,1139,0,49.913959996515565,204,0,5.010515705729204,840,0
1749663525.6619458,501,501,0,3,1140,0,49.80210027568464,205,0,5.009446194385532,841,0
1749663525.6960015,502,502,0,3,1142,0,49.85866082258688,205,0,5.009446194385532,843,0
1749663525.738342,503,503,0,3,1144,0,49.81313707857269,205,0,5.009446194385532,845,0
1749663525.7787797,504,504,0,3,1146,0,49.61680480053337,205,0,5.009446194385532,847,0
1749663525.8192775,505,505,0,3,1148,0,49.61676958383609,205,0,5.009446194385532,849,0
1749663525.8584547,506,506,0,3,1150,0,49.42962069228037,206,0,5.006754809245844,851,0
1749663525.8995697,507,507,0,3,1152,0,49.98410253696816,206,0,5.006754809245844,853,0
1749663525.9391162,508,508,0,3,1154,0,50.31913262533343,206,0,5.006754809245844,855,0
1749663525.981596,509,509,0,3,1156,0,50.71680357840729,206,0,5.006754809245844,857,0
1749663526.0197363,510,510,0,3,1158,0,50.91688669568015,206,0,5.006754809245844,859,0
1749663526.0588052,511,511,0,3,1160,0,50.912473793022414,206,0,5.006754809245844,861,0
1749663526.1006165,512,512,0,3,1162,0,50.99756605797447,207,0,5.006543247251143,863,0
1749663526.142192,513,513,0,3,1164,0,50.88977859333569,207,0,5.006543247251143,865,0
1749663526.187657,514,514,0,3,1166,0,50.812061817103405,207,0,5.006543247251143,867,0
1749663526.2306745,515,515,0,3,1168,0,50.81928957504632,207,0,5.006543247251143,869,0
1749663526.271082,516,516,0,3,1171,0,50.959163212532175,208,0,5.003824892756621,872,0
1749663526.313687,517,517,0,3,1172,0,51.221233802489415,208,0,5.003824892756621,873,0
1749663526.3511658,518,518,0,3,1174,0,50.937700687767,208,0,5.003824892756621,875,0
1749663526.3939583,519,519,0,3,1177,0,50.81883393162902,208,0,5.003824892756621,878,0
1749663526.4366395,520,520,0,3,1179,0,51.17243984318993,208,0,5.003824892756621,880,0
1749663526.4775622,521,521,0,3,1182,0,51.913082460566116,209,0,5.0031481524954,883,0
1749663526.5163713,522,522,0,3,1184,0,52.05495433172812,209,0,5.0031481524954,885,0
1749663526.5540273,523,523,0,3,1186,0,52.313070409985514,209,0,5.0031481524954,887,0
1749663526.5904584,524,524,0,3,1187,0,52.12160827125131,209,0,5.0031481524954,888,0
1749663526.6272624,525,525,0,3,1189,0,52.11808500671124,209,0,5.0031481524954,890,0
1749663526.677765,526,526,0,3,1191,0,52.03091955813891,210,0,5.002238798778788,892,0
1749663526.7166111,527,527,0,3,1193,0,51.971528506436115,210,0,5.002238798778788,894,0
1749663526.7556872,528,528,0,3,1195,0,52.056104321113,210,0,5.002238798778788,896,0
1749663526.7937877,529,529,0,3,1197,0,52.334663024883994,210,0,5.002238798778788,898,0
1749663526.8318136,530,530,0,3,1199,0,52.56381014636093,210,0,5.002238798778788,900,0
1749663526.8688235,531,531,0,3,1200,0,52.33655681860721,210,0,5.002238798778788,901,0
1749663526.9092226,532,532,0,3,1203,0,51.6906446714308,211,0,4.998300891539775,904,0
1749663526.9491153,533,533,0,3,1204,0,51.69948824421098,211,0,4.998300891539775,905,0
1749663526.9876883,534,534,0,3,1206,0,51.25832887472781,211,0,4.998300891539775,907,0
1749663527.0257072,535,535,0,3,1207,0,51.1116153390024,211,0,4.998300891539775,908,0
1749663527.0527503,536,536,0,3,1209,0,51.08086535480117,211,0,4.998300891539775,910,0
1749663527.083451,537,537,0,3,1210,0,50.94193234954758,212,0,4.998588602904697,911,0
1749663527.1297538,538,538,0,3,1213,0,50.92737195195544,212,0,4.998588602904697,914,0
1749663527.1760387,539,539,0,3,1214,0,50.99012633304473,212,0,4.998588602904697,915,0
1749663527.216916,540,540,0,3,1217,0,50.77469990744034,212,0,4.998588602904697,918,0
1749663527.2666628,541,541,0,3,1219,0,51.00690598530077,212,0,4.998588602904697,920,0
1749663527.289086,542,542,0,3,1221,0,50.95182134092461,213,0,5.003758034273091,922,0
1749663527.3300688,543,543,0,3,1223,0,51.05887755059807,213,0,5.003758034273091,924,0
1749663527.3744493,544,544,0,3,1224,0,51.129509682330045,213,0,5.003758034273091,925,0
1749663527.413926,545,545,0,3,1227,0,50.75608254369015,213,0,5.003758034273091,928,0
1749663527.4655828,546,546,0,3,1229,0,50.41088988602965,214,0,5.009733754219206,930,0
1749663527.5133195,547,547,0,3,1231,0,50.504441877261186,214,0,5.009733754219206,932,0
1749663527.5571246,548,548,0,3,1233,0,50.09596851038478,214,0,5.009733754219206,934,0
1749663527.5931237,549,549,0,3,1235,0,49.59057048196318,214,0,5.009733754219206,936,0
1749663527.6366203,550,550,0,3,1237,0,49.71946220575301,214,0,5.009733754219206,938,0
1749663527.677574,551,551,0,3,1239,0,49.663816670676745,214,0,5.009733754219206,940,0
1749663527.717103,552,552,0,3,1241,0,49.7015398302781,215,0,5.003925780814731,942,0
1749663527.75399,553,553,0,3,1243,0,49.92036410421817,215,0,5.003925780814731,944,0
1749663527.792748,554,554,0,3,1245,0,49.914435198526995,215,0,5.003925780814731,946,0
1749663527.8321145,555,555,0,3,1247,0,49.88020817352964,215,0,5.003925780814731,948,0
1749663527.8714788,556,556,0,3,1249,0,49.758214433581635,215,0,5.003925780814731,950,0
1749663527.913369,557,557,0,3,1251,0,50.33311772703763,216,0,5.003760302656644,952,0
1749663527.9530241,558,558,0,3,1253,0,50.52420179594857,216,0,5.003760302656644,954,0
1749663527.992478,559,559,0,3,1255,0,50.594581971154255,216,0,5.003760302656644,956,0
1749663528.0325048,560,560,0,3,1257,0,51.259068066717504,216,0,5.003760302656644,958,0
1749663528.0707364,561,561,0,3,1259,0,51.204475391159676,216,0,5.003760302656644,960,0
1749663528.113498,562,562,0,3,1261,0,51.12419988625263,217,0,5.002986306313631,962,0
1749663528.15668,563,563,0,3,1264,0,51.09365882775717,217,0,5.002986306313631,965,0
1749663528.1983204,564,564,0,3,1266,0,51.440764378393105,217,0,5.002986306313631,967,0
1749663528.2399766,565,565,0,3,1267,0,51.58323472065042,217,0,5.002986306313631,968,0
1749663528.2814014,566,566,0,3,1269,0,51.15113418260339,217,0,5.002986306313631,970,0
1749663528.3213491,567,567,0,3,1271,0,50.411726018545934,218,0,5.000655975560607,972,0
1749663528.3774984,568,568,0,3,1274,0,50.829377396163615,218,0,5.000655975560607,975,0
1749663528.4114082,569,569,0,3,1276,0,51.09521489133613,218,0,5.000655975560607,977,0
1749663528.4586234,570,570,0,3,1278,0,51.20290016426711,218,0,5.000655975560607,979,0
1749663528.5005088,571,571,0,3,1281,0,50.93607997429335,219,0,4.9962347511232315,982,0
1749663528.551282,572,572,0,3,1284,0,52.04819755537631,219,0,4.9962347511232315,985,0
1749663528.587261,573,573,0,3,1284,0,52.04819755537631,219,0,4.9962347511232315,985,0
1749663528.616472,574,574,0,3,1286,0,52.22070050847373,219,0,4.9962347511232315,987,0
1749663528.6349115,575,575,0,3,1287,0,51.94919207149791,219,0,4.9962347511232315,988,0
1749663528.662141,576,576,0,3,1289,0,52.18943316478969,219,0,4.9962347511232315,990,0
1749663528.6824942,577,577,0,3,1290,0,52.6870190805136,219,0,4.9962347511232315,991,0
1749663528.712084,578,578,0,3,1292,0,52.73787028882767,220,0,4.99595611786362,993,0
1749663528.7356803,579,579,0,3,1293,0,52.61715626514014,220,0,4.99595611786362,994,0
1749663528.7679226,580,580,0,3,1295,0,52.70262968820248,220,0,4.99595611786362,996,0
1749663528.810544,581,581,0,3,1297,0,52.49968770332141,220,0,4.99595611786362,998,0
1749663528.8571067,582,582,0,3,1299,0,52.251185158848784,220,0,4.99595611786362,1000,0
1749663528.9026425,583,583,0,3,1301,0,52.108540907582004,221,0,4.997831689280275,1002,0
1749663528.9462163,584,584,0,3,1303,0,51.88074478230591,221,0,4.997831689280275,1004,0
1749663528.986072,585,585,0,3,1306,0,51.93848769156966,221,0,4.997831689280275,1007,0
1749663529.0293412,586,586,0,3,1307,0,51.77322158172145,221,0,4.997831689280275,1008,0
1749663529.0713055,587,587,0,3,1309,0,51.59242234328739,221,0,4.997831689280275,1010,0
1749663529.1194663,588,588,0,3,1311,0,51.298777700127175,222,0,4.995770815983698,1012,0
1749663529.1632774,589,589,0,3,1314,0,51.26012051243695,222,0,4.995770815983698,1015,0
1749663529.2045996,590,590,0,3,1315,0,51.29540243548671,222,0,4.995770815983698,1016,0
1749663529.2584038,591,591,0,3,1318,0,51.28934313067318,222,0,4.995770815983698,1019,0
1749663529.3016775,592,592,0,3,1320,0,51.784139250470886,223,0,4.996398779594757,1021,0
1749663529.3426948,593,593,0,3,1322,0,51.77226298995859,223,0,4.996398779594757,1023,0
1749663529.3837905,594,594,0,3,1324,0,51.39875607849788,223,0,4.996398779594757,1025,0
1749663529.4233782,595,595,0,3,1326,0,51.30045922447253,223,0,4.996398779594757,1027,0
1749663529.466253,596,596,0,3,1328,0,51.02365944260997,223,0,4.996398779594757,1029,0
1749663529.504715,597,597,0,3,1330,0,51.06342777069629,224,0,4.995425360486596,1031,0
1749663529.5445511,598,598,0,3,1332,0,51.04361661501421,224,0,4.995425360486596,1033,0
1749663529.580679,599,599,0,3,1334,0,50.89421226468897,224,0,4.995425360486596,1035,0
1749663529.6206303,600,600,0,3,1337,0,50.94842968982502,224,0,4.995425360486596,1038,0
1749663529.6783202,601,601,0,3,1339,0,50.62284274092808,224,0,4.995425360486596,1040,0
1749663529.716694,602,602,0,3,1341,0,50.48857456792905,225,0,4.995577554936591,1042,0
1749663529.7531593,603,603,0,3,1342,0,50.469716995389945,225,0,4.995577554936591,1043,0
1749663529.789439,604,604,0,3,1344,0,49.91664500674552,225,0,4.995577554936591,1045,0
1749663529.8271759,605,605,0,3,1346,0,50.057907334897266,225,0,4.995577554936591,1047,0
1749663529.8652337,606,606,0,3,1348,0,50.12210552077563,225,0,4.995577554936591,1049,0
1749663529.9032333,607,607,0,3,1350,0,50.50377293877902,226,0,4.994983228123952,1051,0
1749663529.940427,608,608,0,3,1352,0,51.00503276416296,226,0,4.994983228123952,1053,0
1749663529.9783661,609,609,0,3,1354,0,51.10848885321059,226,0,4.994983228123952,1055,0
1749663530.0173914,610,610,0,3,1356,0,51.110407050141596,226,0,4.994983228123952,1057,0
1749663530.0574427,611,611,0,3,1358,0,51.345084964203046,226,0,4.994983228123952,1059,0
1749663530.1004279,612,612,0,3,1360,0,51.620830756991566,227,0,4.997272549552814,1061,0
1749663530.1443813,613,613,0,3,1362,0,51.485141708902944,227,0,4.997272549552814,1063,0
1749663530.1889937,614,614,0,3,1364,0,51.407701673583034,227,0,4.997272549552814,1065,0
1749663530.2299573,615,615,0,3,1366,0,51.85687057443456,227,0,4.997272549552814,1067,0
1749663530.2728927,616,616,0,3,1369,0,51.36737034291909,227,0,4.997272549552814,1070,0
1749663530.318823,617,617,0,3,1370,0,51.17137850874913,228,0,4.997691743744378,1071,0
1749663530.3606718,618,618,0,3,1372,0,50.749155210014166,228,0,4.997691743744378,1073,0
1749663530.3993318,619,619,0,3,1374,0,50.48195094145505,228,0,4.997691743744378,1075,0
1749663530.4445655,620,620,0,3,1376,0,50.686771687266194,228,0,4.997691743744378,1077,0
1749663530.4894428,621,621,0,3,1378,0,51.14746645718131,229,0,4.99537621758234,1079,0
1749663530.5285013,622,622,0,3,1380,0,50.554882182154095,229,0,4.99537621758234,1081,0
1749663530.5598528,623,623,0,3,1382,0,50.970471108497016,229,0,4.99537621758234,1083,0
1749663530.6012695,624,624,0,3,1384,0,50.839925236544886,229,0,4.99537621758234,1085,0
1749663530.6429296,625,625,0,3,1386,0,50.91974251094561,229,0,4.99537621758234,1087,0
1749663530.6813598,626,626,0,3,1388,0,50.98637009677712,229,0,4.99537621758234,1089,0
1749663530.7214253,627,627,0,3,1390,0,50.95421062171294,230,0,4.994112755987476,1091,0
1749663530.7581491,628,628,0,3,1392,0,50.921287999108394,230,0,4.994112755987476,1093,0
1749663530.796399,629,629,0,3,1394,0,51.413889815050894,230,0,4.994112755987476,1095,0
1749663530.8352873,630,630,0,3,1396,0,51.366565116669825,230,0,4.994112755987476,1097,0
1749663530.8746898,631,631,0,3,1398,0,51.45295609788651,230,0,4.994112755987476,1099,0
1749663530.9135778,632,632,0,3,1400,0,51.363369623891614,231,0,4.995205355348564,1101,0
1749663530.9514277,633,633,0,3,1401,0,51.24456375392859,231,0,4.995205355348564,1102,0
1749663530.9903452,634,634,0,3,1404,0,50.60013637159861,231,0,4.995205355348564,1105,0
1749663531.0295024,635,635,0,3,1405,0,50.54091975397008,231,0,4.995205355348564,1106,0
1749663531.0674427,636,636,0,3,1407,0,50.41526474148965,231,0,4.995205355348564,1108,0
1749663531.1082804,637,637,0,3,1409,0,50.45334955165451,232,0,4.995645504006708,1110,0
1749663531.152481,638,638,0,3,1411,0,50.395989567801,232,0,4.995645504006708,1112,0
1749663531.1839972,639,639,0,3,1412,0,50.2031680523205,232,0,4.995645504006708,1113,0
1749663531.2152433,640,640,0,3,1414,0,49.6353122194607,232,0,4.995645504006708,1115,0
1749663531.257684,641,641,0,3,1416,0,49.36339488206723,232,0,4.995645504006708,1117,0
1749663531.2951143,642,642,0,3,1417,0,49.54054884681883,233,0,4.993164122813697,1118,0
1749663531.328616,643,643,0,3,1419,0,49.89087607928482,233,0,4.993164122813697,1120,0
1749663531.3717508,644,644,0,3,1421,0,50.67938561800566,233,0,4.993164122813697,1122,0
1749663531.411424,645,645,0,3,1423,0,50.35217557493839,233,0,4.993164122813697,1124,0
1749663531.4518666,646,646,0,3,1425,0,50.31729750675107,233,0,4.993164122813697,1126,0
1749663531.4967952,647,647,0,3,1428,0,50.09624374678411,234,0,4.992575243154359,1129,0
1749663531.5358832,648,648,0,3,1429,0,50.95611725520725,234,0,4.992575243154359,1130,0
1749663531.5806599,649,649,0,3,1431,0,50.251430636246745,234,0,4.992575243154359,1132,0
1749663531.624016,650,650,0,3,1433,0,50.01525151889149,234,0,4.992575243154359,1134,0
1749663531.6682417,651,651,0,3,1435,0,49.60416521791373,234,0,4.992575243154359,1136,0
1749663531.7083352,652,652,0,3,1437,0,49.39638087620049,235,0,4.994335638372484,1138,0
1749663531.7451584,653,653,0,3,1438,0,49.441017510564684,235,0,4.994335638372484,1139,0
1749663531.7858658,654,654,0,3,1441,0,48.773948552214115,235,0,4.994335638372484,1142,0
1749663531.8260798,655,655,0,3,1442,0,48.977021936472276,235,0,4.994335638372484,1143,0
1749663531.865188,656,656,0,3,1444,0,48.823240319812115,235,0,4.994335638372484,1145,0
1749663531.90256,657,657,0,3,1446,0,49.03116117107011,236,0,4.995325409833527,1147,0
1749663531.940917,658,658,0,3,1448,0,49.020307709281326,236,0,4.995325409833527,1149,0
1749663531.982524,659,659,0,3,1450,0,48.78257111341347,236,0,4.995325409833527,1151,0
1749663532.0214555,660,660,0,3,1453,0,48.991186430541745,236,0,4.995325409833527,1154,0
1749663532.060117,661,661,0,3,1454,0,49.108293618679376,236,0,4.995325409833527,1155,0
1749663532.099565,662,662,0,3,1457,0,49.44718423765372,237,0,4.997201460239897,1158,0
1749663532.1391351,663,663,0,3,1458,0,49.34259347708547,237,0,4.997201460239897,1159,0
1749663532.1777918,664,664,0,3,1460,0,49.773614111802374,237,0,4.997201460239897,1161,0
1749663532.2156272,665,665,0,3,1462,0,49.86711389256069,237,0,4.997201460239897,1163,0
1749663532.2530062,666,666,0,3,1464,0,50.580390219807356,237,0,4.997201460239897,1165,0
1749663532.293925,667,667,0,3,1466,0,50.90741905469565,238,0,5.001786154580672,1167,0
1749663532.3358266,668,668,0,3,1468,0,51.21405385657587,238,0,5.001786154580672,1169,0
1749663532.3806224,669,669,0,3,1471,0,50.31372423887714,238,0,5.001786154580672,1172,0
1749663532.429124,670,670,0,3,1473,0,50.85044046577276,238,0,5.001786154580672,1174,0
1749663532.4728487,671,671,0,3,1475,0,51.11165270967175,238,0,5.001786154580672,1176,0
1749663532.5100696,672,672,0,3,1477,0,51.235399458121705,239,0,5.0021416773853895,1178,0
1749663532.5476887,673,673,0,3,1480,0,51.51545671025553,239,0,5.0021416773853895,1181,0
1749663532.5924797,674,674,0,3,1482,0,51.552231629488,239,0,5.0021416773853895,1183,0
1749663532.6471345,675,675,0,3,1484,0,52.2523698731234,239,0,5.0021416773853895,1185,0
1749663532.6857333,676,676,0,3,1486,0,51.812656838046166,239,0,5.0021416773853895,1187,0
1749663532.726326,677,677,0,3,1488,0,52.03339820702482,240,0,5.00212986558126,1189,0
1749663532.7510824,678,678,0,3,1490,0,52.639978433480515,240,0,5.00212986558126,1191,0
1749663532.79514,679,679,0,3,1492,0,52.927309092515124,240,0,5.00212986558126,1193,0
1749663532.8341851,680,680,0,3,1494,0,53.22827538927811,240,0,5.00212986558126,1195,0
1749663532.8721044,681,681,0,3,1496,0,53.07884332448413,240,0,5.00212986558126,1197,0
1749663532.910813,682,682,0,3,1498,0,52.9770997380135,241,0,5.002222452530931,1199,0
1749663532.949928,683,683,0,3,1500,0,53.34323643051001,241,0,5.002222452530931,1201,0
1749663532.9885008,684,684,0,3,1502,0,52.3211622888812,241,0,5.002222452530931,1203,0
1749663533.0296018,685,685,0,3,1503,0,52.50787686255501,241,0,5.002222452530931,1204,0
1749663533.0683384,686,686,0,3,1504,0,52.33528992073413,241,0,5.002222452530931,1205,0
1749663533.1077528,687,687,0,3,1507,0,51.972726333244196,242,0,5.002712289749835,1208,0
1749663533.1535785,688,688,0,3,1509,0,52.13363240672125,242,0,5.002712289749835,1210,0
1749663533.2039552,689,689,0,3,1511,0,51.82788162648176,242,0,5.002712289749835,1212,0
1749663533.240016,690,690,0,3,1513,0,51.72930342673779,242,0,5.002712289749835,1214,0
1749663533.2649918,691,691,0,3,1514,0,51.63482421672547,242,0,5.002712289749835,1215,0
1749663533.3070114,692,692,0,3,1516,0,51.4311135439183,243,0,5.003484768797543,1217,0
1749663533.3497949,693,693,0,3,1518,0,50.98221780640657,243,0,5.003484768797543,1219,0
1749663533.391298,694,694,0,3,1521,0,51.50079431209184,243,0,5.003484768797543,1222,0
1749663533.4339101,695,695,0,3,1522,0,51.385179843670024,243,0,5.003484768797543,1223,0
1749663533.473964,696,696,0,3,1525,0,50.90681354212433,244,0,5.000510744763149,1226,0
1749663533.5406904,697,697,0,4,1527,0,50.593776379171544,244,0,5.000510744763149,1228,0
1749663533.5761058,698,698,0,4,1529,0,50.87332272113979,244,0,5.000510744763149,1230,0
1749663533.5955877,699,699,0,4,1530,0,50.944283576578506,244,0,5.000510744763149,1231,0
1749663533.6227522,700,700,0,4,1532,0,51.174250456496374,244,0,5.000510744763149,1233,0
1749663533.642402,701,701,0,4,1533,0,51.15360457983055,244,0,5.000510744763149,1234,0
1749663533.6716208,702,702,0,4,1535,0,51.69998530712546,244,0,5.000510744763149,1236,0
1749663533.6938813,703,703,0,4,1536,0,51.511331671597176,245,0,5.002566462162323,1237,0
1749663533.7256048,704,704,0,4,1538,0,51.647082668500246,245,0,5.002566462162323,1239,0
1749663533.7597504,705,705,0,4,1540,0,51.608787967976816,245,0,5.002566462162323,1241,0
1749663533.805367,706,706,0,4,1542,0,51.16674661145515,245,0,5.002566462162323,1243,0
1749663533.849879,707,707,0,4,1544,0,50.75677046726728,245,0,5.002566462162323,1245,0
1749663533.893609,708,708,0,4,1546,0,50.55840446636784,246,0,4.999291043683819,1247,0
1749663533.9371252,709,709,0,4,1549,0,50.28764028023796,246,0,4.999291043683819,1250,0
1749663533.9807081,710,710,0,4,1550,0,50.13021676819073,246,0,4.999291043683819,1251,0
1749663534.0223253,711,711,0,4,1552,0,50.617515480427265,246,0,4.999291043683819,1253,0
1749663534.0644023,712,712,0,4,1555,0,51.4505071935942,246,0,4.999291043683819,1256,0
1749663534.1190956,713,713,0,4,1557,0,51.21095234234666,247,0,4.999312137833895,1258,0
1749663534.1603982,714,714,0,4,1559,0,51.31864931861506,247,0,4.999312137833895,1260,0
1749663534.2151284,715,715,0,4,1562,0,51.22179677533677,247,0,4.999312137833895,1263,0
1749663534.2551188,716,716,0,4,1563,0,51.136154713085276,247,0,4.999312137833895,1264,0
1749663534.302213,717,717,0,4,1565,0,50.75754440358157,248,0,4.999448956190956,1266,0
1749663534.3453887,718,718,0,4,1568,0,50.84569389764973,248,0,4.999448956190956,1269,0
1749663534.3891642,719,719,0,4,1569,0,51.31854885480082,248,0,4.999448956190956,1270,0
1749663534.4424615,720,720,0,4,1572,0,50.44287656053103,248,0,4.999448956190956,1273,0
1749663534.4847531,721,721,0,4,1574,0,51.002068145692405,248,0,4.999448956190956,1275,0
1749663534.5239563,722,722,0,4,1576,0,51.23640086096323,249,0,4.995083759958867,1277,0
1749663534.5680559,723,723,0,4,1578,0,51.39669021462751,249,0,4.995083759958867,1279,0
1749663534.6076176,724,724,0,4,1580,0,50.64144807140579,249,0,4.995083759958867,1281,0
1749663534.651122,725,725,0,4,1583,0,50.54406245511136,249,0,4.995083759958867,1284,0
1749663534.7021,726,726,0,4,1584,0,50.44435683536439,249,0,4.995083759958867,1285,0
1749663534.7303574,727,727,0,4,1586,0,49.99518440854524,250,0,4.988021173269274,1287,0
1749663534.7667174,728,728,0,4,1588,0,49.93177437807066,250,0,4.988021173269274,1289,0
1749663534.805721,729,729,0,4,1590,0,49.85435832677413,250,0,4.988021173269274,1291,0
1749663534.8455167,730,730,0,4,1592,0,49.93788577316318,250,0,4.988021173269274,1293,0
1749663534.88077,731,731,0,4,1594,0,50.31070667145507,250,0,4.988021173269274,1295,0
1749663534.9190907,732,732,0,4,1596,0,50.5019486511635,251,0,4.992916025167902,1297,0
1749663534.9572706,733,733,0,4,1598,0,50.78467164774023,251,0,4.992916025167902,1299,0
1749663534.9950106,734,734,0,4,1600,0,50.90182170168209,251,0,4.992916025167902,1301,0
1749663535.0311618,735,735,0,4,1602,0,50.91650347212275,251,0,4.992916025167902,1303,0
1749663535.069471,736,736,0,4,1603,0,50.99286637919506,251,0,4.992916025167902,1304,0
1749663535.1112165,737,737,0,4,1605,0,50.336005084600124,252,0,4.997726640067914,1306,0
1749663535.1401405,738,738,0,4,1607,0,50.29452661579541,252,0,4.997726640067914,1308,0
1749663535.1902487,739,739,0,4,1608,0,49.99442162768322,252,0,4.997726640067914,1309,0
1749663535.2358344,740,740,0,4,1611,0,49.66264058221141,252,0,4.997726640067914,1312,0
1749663535.2778993,741,741,0,4,1613,0,49.88280649775769,252,0,4.997726640067914,1314,0
1749663535.308565,742,742,0,4,1614,0,50.36930005918024,253,0,5.0016092471311095,1315,0
1749663535.3491266,743,743,0,4,1617,0,50.014297280893274,253,0,5.0016092471311095,1318,0
1749663535.3902497,744,744,0,4,1618,0,50.41830698604762,253,0,5.0016092471311095,1319,0
1749663535.4275415,745,745,0,4,1621,0,51.03852338268647,253,0,5.0016092471311095,1322,0
1749663535.4652429,746,746,0,4,1622,0,50.98081733562491,253,0,5.0016092471311095,1323,0
1749663535.4894583,747,747,0,4,1624,0,50.4718061869088,254,0,4.999317143251569,1325,0
1749663535.5267177,748,748,0,4,1625,0,50.156173617229705,254,0,4.999317143251569,1326,0
1749663535.5585966,749,749,0,4,1626,0,49.99760400810107,254,0,4.999317143251569,1327,0
1749663535.603838,750,750,0,4,1629,0,50.48140411418899,254,0,4.999317143251569,1330,0
1749663535.6480963,751,751,0,4,1631,0,50.18650461373671,254,0,4.999317143251569,1332,0
1749663535.6940763,752,752,0,4,1633,0,50.07759434835194,255,0,5.000267043070233,1334,0
1749663535.719641,753,753,0,4,1634,0,49.988129573570426,255,0,5.000267043070233,1335,0
1749663535.751355,754,754,0,4,1636,0,50.38412407290441,255,0,5.000267043070233,1337,0
1749663535.796476,755,755,0,4,1638,0,50.13256556622864,255,0,5.000267043070233,1339,0
1749663535.8375316,756,756,0,4,1640,0,49.89303632197209,255,0,5.000267043070233,1341,0
1749663535.8793054,757,757,0,4,1642,0,49.841242076363514,255,0,5.000267043070233,1343,0
1749663535.920932,758,758,0,4,1644,0,49.72427198462049,256,0,5.001525748299348,1345,0
1749663535.9618254,759,759,0,4,1646,0,49.59988306912332,256,0,5.001525748299348,1347,0
1749663536.0033536,760,760,0,4,1648,0,49.50138697695674,256,0,5.001525748299348,1349,0
1749663536.0442863,761,761,0,4,1650,0,49.42036027824214,256,0,5.001525748299348,1351,0
1749663536.0851312,762,762,0,4,1652,0,49.650459582672795,256,0,5.001525748299348,1353,0
1749663536.1289303,763,763,0,4,1654,0,50.09666259058609,257,0,5.001566781662565,1355,0
1749663536.1741884,764,764,0,4,1656,0,50.518274630872355,257,0,5.001566781662565,1357,0
1749663536.2177877,765,765,0,4,1659,0,51.29882789328759,257,0,5.001566781662565,1360,0
1749663536.2601504,766,766,0,4,1661,0,51.122230805627474,257,0,5.001566781662565,1362,0
1749663536.3038707,767,767,0,4,1663,0,51.39046843292976,258,0,5.005604342936141,1364,0
1749663536.3383605,768,768,0,4,1665,0,51.41652432325483,258,0,5.005604342936141,1366,0
1749663536.3747365,769,769,0,4,1667,0,51.695002365176904,258,0,5.005604342936141,1368,0
1749663536.4115674,770,770,0,4,1669,0,51.68916679010864,258,0,5.005604342936141,1370,0
1749663536.4562716,771,771,0,4,1672,0,51.40496726694427,258,0,5.005604342936141,1373,0
1749663536.498655,772,772,0,4,1673,0,51.570638785293326,259,0,5.0065767134948596,1374,0
1749663536.540062,773,773,0,4,1676,0,51.77240358119581,259,0,5.0065767134948596,1377,0
1749663536.5884907,774,774,0,4,1677,0,52.00110392052963,259,0,5.0065767134948596,1378,0
1749663536.6293344,775,775,0,4,1679,0,51.11487925015496,259,0,5.0065767134948596,1380,0
1749663536.6705356,776,776,0,4,1681,0,51.146306367826746,259,0,5.0065767134948596,1382,0
1749663536.709512,777,777,0,4,1683,0,51.36274063671467,260,0,5.00866218417921,1384,0
1749663536.749935,778,778,0,4,1685,0,51.36060219553722,260,0,5.00866218417921,1386,0
1749663536.7897007,779,779,0,4,1687,0,51.33529406724999,260,0,5.00866218417921,1388,0
1749663536.8292239,780,780,0,4,1689,0,51.643966638987315,260,0,5.00866218417921,1390,0
1749663536.8681645,781,781,0,4,1691,0,51.85079328189013,260,0,5.00866218417921,1392,0
1749663536.9093144,782,782,0,4,1693,0,51.936532560260716,261,0,5.015707449656004,1394,0
1749663536.946356,783,783,0,4,1695,0,51.6593978433703,261,0,5.015707449656004,1396,0
1749663536.9845958,784,784,0,4,1697,0,51.836554406764115,261,0,5.015707449656004,1398,0
1749663537.0236998,785,785,0,4,1699,0,51.975379780638654,261,0,5.015707449656004,1400,0
1749663537.062759,786,786,0,4,1701,0,52.2424251482835,261,0,5.015707449656004,1402,0
1749663537.1035264,787,787,0,4,1703,0,51.81828986340187,262,0,5.016653868388667,1404,0
1749663537.147224,788,788,0,4,1705,0,51.547302467331775,262,0,5.016653868388667,1406,0
1749663537.1942482,789,789,0,4,1707,0,51.11573889915842,262,0,5.016653868388667,1408,0
1749663537.2287085,790,790,0,4,1708,0,50.98263920205433,262,0,5.016653868388667,1409,0
1749663537.27382,791,791,0,4,1710,0,50.826075934518855,262,0,5.016653868388667,1411,0
1749663537.315664,792,792,0,4,1712,0,50.05001058444009,263,0,5.015640753085609,1413,0
1749663537.3573,793,793,0,4,1714,0,50.034642362933624,263,0,5.015640753085609,1415,0
1749663537.386482,794,794,0,4,1716,0,50.0120907449759,263,0,5.015640753085609,1417,0
1749663537.4313037,795,795,0,4,1718,0,49.76216972961429,263,0,5.015640753085609,1419,0
1749663537.4733775,796,796,0,4,1720,0,49.67539235267588,264,0,5.014948101320914,1421,0
1749663537.5289214,797,797,0,4,1723,0,49.41505021025204,264,0,5.014948101320914,1424,0
1749663537.5687802,798,798,0,4,1724,0,49.61003237547413,264,0,5.014948101320914,1425,0
1749663537.608756,799,799,0,4,1727,0,49.62573971778087,264,0,5.014948101320914,1428,0
1749663537.6445637,800,800,0,4,1729,0,50.1419869372496,264,0,5.014948101320914,1430,0
1749663537.693912,801,801,0,4,1730,0,50.31535387580086,265,0,5.020029471206114,1431,0
1749663537.7329035,802,802,0,4,1733,0,50.04077896654788,265,0,5.020029471206114,1434,0
1749663537.7681794,803,803,0,4,1735,0,49.8665684467131,265,0,5.020029471206114,1436,0
1749663537.805987,804,804,0,4,1736,0,49.72734931654155,265,0,5.020029471206114,1437,0
1749663537.841884,805,805,0,4,1737,0,49.73986300590099,265,0,5.020029471206114,1438,0
1749663537.8783739,806,806,0,4,1739,0,49.75669151711084,265,0,5.020029471206114,1440,0
1749663537.9162416,807,807,0,4,1741,0,49.17515073893381,266,0,5.017343390324181,1442,0
1749663537.9524632,808,808,0,4,1743,0,49.35967698468831,266,0,5.017343390324181,1444,0
1749663537.9886336,809,809,0,4,1745,0,49.577076956391416,266,0,5.017343390324181,1446,0
1749663538.0260248,810,810,0,4,1747,0,49.4452489554063,266,0,5.017343390324181,1448,0
1749663538.0536716,811,811,0,4,1748,0,49.25928518377761,266,0,5.017343390324181,1449,0
1749663538.0933259,812,812,0,4,1750,0,49.088786681962596,267,0,5.017139454525511,1451,0
1749663538.1353734,813,813,0,4,1753,0,49.3987661332285,267,0,5.017139454525511,1454,0
1749663538.176928,814,814,0,4,1755,0,49.56917885636569,267,0,5.017139454525511,1456,0
1749663538.226745,815,815,0,4,1757,0,50.36522347257576,267,0,5.017139454525511,1458,0
1749663538.2838154,816,816,0,4,1761,0,51.358262693289724,267,0,5.017139454525511,1462,0
1749663538.3290482,817,817,0,4,1762,0,51.332517098584084,268,0,5.011430825879858,1463,0
1749663538.366984,818,818,0,4,1764,0,51.27163759324858,268,0,5.011430825879858,1465,0
1749663538.4079678,819,819,0,4,1766,0,50.91545272744532,268,0,5.011430825879858,1467,0
1749663538.461321,820,820,0,4,1769,0,51.53762428526527,268,0,5.011430825879858,1470,0
1749663538.5033278,821,821,0,4,1771,0,51.15429084363094,268,0,5.011430825879858,1472,0
1749663538.5456595,822,822,0,4,1773,0,51.61182354219471,269,0,5.012158682572262,1474,0
1749663538.5779405,823,823,0,4,1775,0,51.85751172211334,269,0,5.012158682572262,1476,0
1749663538.5973291,824,824,0,4,1776,0,51.88197693361395,269,0,5.012158682572262,1477,0
1749663538.6243489,825,825,0,4,1777,0,51.90588711671444,269,0,5.012158682572262,1478,0
1749663538.645007,826,826,0,4,1779,0,52.22838662342925,269,0,5.012158682572262,1480,0
1749663538.6745803,827,827,0,4,1780,0,52.3906072473167,269,0,5.012158682572262,1481,0
1749663538.7107873,828,828,0,4,1782,0,52.59969641364794,270,0,5.012162156477873,1483,0
1749663538.7343476,829,829,0,4,1784,0,51.89715259453345,270,0,5.012162156477873,1485,0
1749663538.7757442,830,830,0,4,1785,0,52.03133264988751,270,0,5.012162156477873,1486,0
1749663538.8174336,831,831,0,4,1787,0,51.955253838885476,270,0,5.012162156477873,1488,0
1749663538.859539,832,832,0,4,1789,0,51.982478440113184,270,0,5.012162156477873,1490,0
1749663538.9025095,833,833,0,4,1791,0,52.3295700527874,271,0,5.012776514542357,1492,0
1749663538.9474475,834,834,0,4,1793,0,51.928623498462805,271,0,5.012776514542357,1494,0
1749663538.994428,835,835,0,4,1796,0,52.03594164953145,271,0,5.012776514542357,1497,0
1749663539.039702,836,836,0,4,1798,0,52.10946020052613,271,0,5.012776514542357,1499,0
1749663539.0820148,837,837,0,4,1800,0,52.26621287828886,271,0,5.012776514542357,1501,0
1749663539.128123,838,838,0,4,1802,0,51.77825796690382,272,0,5.015913068591885,1503,0
1749663539.183021,839,839,0,4,1805,0,51.62239368268437,272,0,5.015913068591885,1506,0
1749663539.2236462,840,840,0,4,1806,0,51.575876830878556,272,0,5.015913068591885,1507,0
1749663539.2653177,841,841,0,4,1808,0,50.89349590891574,272,0,5.015913068591885,1509,0
1749663539.3047872,842,842,0,4,1810,0,50.62573899289842,273,0,5.0189966142297315,1511,0
1749663539.347449,843,843,0,4,1812,0,50.577352779804286,273,0,5.0189966142297315,1513,0
1749663539.3880525,844,844,0,4,1814,0,50.54448882064418,273,0,5.0189966142297315,1515,0
1749663539.4271245,845,845,0,4,1816,0,50.305734510039194,273,0,5.0189966142297315,1517,0
1749663539.467808,846,846,0,4,1817,0,50.528401553376725,273,0,5.0189966142297315,1518,0
1749663539.505863,847,847,0,4,1820,0,50.27698284209544,274,0,5.021882999229507,1521,0
1749663539.5432732,848,848,0,4,1821,0,50.283215207112505,274,0,5.021882999229507,1522,0
1749663539.5870285,849,849,0,4,1824,0,50.20582417169387,274,0,5.021882999229507,1525,0
1749663539.623769,850,850,0,4,1826,0,49.93219047619048,274,0,5.021882999229507,1527,0
1749663539.656657,851,851,0,4,1827,0,49.91649055142418,274,0,5.021882999229507,1528,0
1749663539.6992621,852,852,0,4,1829,0,49.467840568001556,275,0,5.023875092280363,1530,0
1749663539.7352002,853,853,0,4,1831,0,49.106258287690295,275,0,5.023875092280363,1532,0
1749663539.7707217,854,854,0,4,1832,0,48.931905816758274,275,0,5.023875092280363,1533,0
1749663539.8104687,855,855,0,4,1834,0,49.13520574022551,275,0,5.023875092280363,1535,0
1749663539.8498094,856,856,0,4,1836,0,49.47787753638318,275,0,5.023875092280363,1537,0
1749663539.8894968,857,857,0,4,1838,0,49.6784401010742,276,0,5.02419368015182,1539,0
1749663539.9353366,858,858,0,4,1840,0,49.51649946319694,276,0,5.02419368015182,1541,0
1749663539.9684193,859,859,0,4,1842,0,49.89145766468281,276,0,5.02419368015182,1543,0
1749663540.0117862,860,860,0,4,1844,0,49.763586705044574,276,0,5.02419368015182,1545,0
1749663540.0529833,861,861,0,4,1846,0,49.47003434816218,276,0,5.02419368015182,1547,0
1749663540.0903447,862,862,0,4,1849,0,49.6003640407578,277,0,5.022560366943649,1550,0
1749663540.1355479,863,863,0,4,1850,0,49.94760287936468,277,0,5.022560366943649,1551,0
1749663540.176732,864,864,0,4,1853,0,50.08053617871414,277,0,5.022560366943649,1554,0
1749663540.2211006,865,865,0,4,1854,0,50.03725680184178,277,0,5.022560366943649,1555,0
1749663540.259719,866,866,0,4,1857,0,50.36094195271505,277,0,5.022560366943649,1558,0
1749663540.3043716,867,867,0,4,1859,0,51.20680090324497,278,0,5.024414320215228,1560,0
1749663540.3455455,868,868,0,4,1862,0,50.66408138327801,278,0,5.024414320215228,1563,0
1749663540.389694,869,869,0,4,1864,0,50.91085468444234,278,0,5.024414320215228,1565,0
1749663540.4284368,870,870,0,4,1866,0,51.60553687030797,278,0,5.024414320215228,1567,0
1749663540.468241,871,871,0,4,1867,0,51.57474796113755,278,0,5.024414320215228,1568,0
1749663540.5242774,872,872,0,4,1871,0,51.58511258735565,279,0,5.0257666302834245,1572,0
1749663540.5684497,873,873,0,4,1872,0,51.43853111817839,279,0,5.0257666302834245,1573,0
1749663540.6121767,874,874,0,4,1874,0,51.295113864697846,279,0,5.0257666302834245,1575,0
1749663540.6526754,875,875,0,4,1876,0,51.36657769813583,279,0,5.0257666302834245,1577,0
1749663540.690629,876,876,0,4,1877,0,51.24359959584754,280,0,5.026575883906161,1578,0
1749663540.728738,877,877,0,4,1879,0,51.040572975914586,280,0,5.026575883906161,1580,0
1749663540.768866,878,878,0,4,1881,0,50.921807304188036,280,0,5.026575883906161,1582,0
1749663540.8051038,879,879,0,4,1883,0,51.2440002805143,280,0,5.026575883906161,1584,0
1749663540.8414943,880,880,0,4,1885,0,51.27453334265678,280,0,5.026575883906161,1586,0
1749663540.8610334,881,881,0,4,1886,0,51.55936727940914,280,0,5.026575883906161,1587,0
1749663540.8899698,882,882,0,4,1888,0,51.851113778614014,281,0,5.023045773827708,1589,0
1749663540.9123838,883,883,0,4,1889,0,52.10707787443378,281,0,5.023045773827708,1590,0
1749663540.9441814,884,884,0,4,1891,0,52.054114483944566,281,0,5.023045773827708,1592,0
1749663540.9848108,885,885,0,4,1893,0,52.07078730190575,281,0,5.023045773827708,1594,0
1749663541.0255265,886,886,0,4,1895,0,52.01819438264063,281,0,5.023045773827708,1596,0
1749663541.0659902,887,887,0,4,1897,0,52.17666928982425,281,0,5.023045773827708,1598,0
1749663541.1066532,888,888,0,4,1899,0,51.91707930780264,282,0,5.022202657460266,1600,0
1749663541.148223,889,889,0,4,1901,0,51.91013983781051,282,0,5.022202657460266,1602,0
1749663541.192196,890,890,0,4,1904,0,51.38952396215143,282,0,5.022202657460266,1605,0
1749663541.241362,891,891,0,4,1906,0,51.10535029605813,282,0,5.022202657460266,1607,0
1749663541.287473,892,892,0,4,1907,0,50.89999325265974,283,0,5.024958961616337,1608,0
1749663541.3350315,893,893,0,4,1909,0,50.0554341057351,283,0,5.024958961616337,1610,0
1749663541.3739173,894,894,0,4,1912,0,50.446723028835535,283,0,5.024958961616337,1613,0
1749663541.4223309,895,895,0,4,1913,0,50.28185287546037,283,0,5.024958961616337,1614,0
1749663541.463592,896,896,0,4,1915,0,49.81850938239978,283,0,5.024958961616337,1616,0
1749663541.4962306,897,897,0,4,1917,0,49.23138175688127,284,0,5.026126172698744,1618,0
1749663541.5417242,898,898,0,4,1918,0,49.59082846624107,284,0,5.026126172698744,1619,0
1749663541.582355,899,899,0,4,1920,0,48.97774254895142,284,0,5.026126172698744,1621,0
1749663541.6236694,900,900,0,4,1922,0,48.73029261616464,284,0,5.026126172698744,1623,0
1749663541.667045,901,901,0,4,1924,0,48.77831617920185,284,0,5.026126172698744,1625,0
1749663541.7080839,902,902,0,4,1926,0,48.74536842156644,285,0,5.023224441616973,1627,0
1749663541.7479923,903,903,0,4,1928,0,49.46197199575087,285,0,5.023224441616973,1629,0
1749663541.7856061,904,904,0,4,1930,0,49.729188823244165,285,0,5.023224441616973,1631,0
1749663541.8245647,905,905,0,4,1933,0,49.74729635805969,285,0,5.023224441616973,1634,0
1749663541.8646262,906,906,0,4,1934,0,49.64968377550783,285,0,5.023224441616973,1635,0
1749663541.9063828,907,907,0,4,1936,0,49.27568582107385,286,0,5.022138554184409,1637,0
1749663541.945849,908,908,0,4,1938,0,49.094026858128075,286,0,5.022138554184409,1639,0
1749663541.9856458,909,909,0,4,1940,0,48.83880589507102,286,0,5.022138554184409,1641,0
1749663542.0234816,910,910,0,4,1942,0,48.852367059910975,286,0,5.022138554184409,1643,0
1749663542.0631342,911,911,0,4,1945,0,49.20853214571897,286,0,5.022138554184409,1646,0
1749663542.1070974,912,912,0,4,1947,0,49.63803782773938,287,0,5.018537689752843,1648,0
1749663542.1500733,913,913,0,4,1949,0,49.1004751888487,287,0,5.018537689752843,1650,0
1749663542.2017126,914,914,0,4,1952,0,49.36136158754593,287,0,5.018537689752843,1653,0
1749663542.2549777,915,915,0,4,1954,0,50.03496467625286,287,0,5.018537689752843,1655,0
1749663542.2796464,916,916,0,4,1956,0,49.909790486888625,288,0,5.019313142062617,1657,0
1749663542.3222632,917,917,0,4,1957,0,50.25015430974663,288,0,5.019313142062617,1658,0
1749663542.3627756,918,918,0,4,1960,0,51.21446658638683,288,0,5.019313142062617,1661,0
1749663542.4130192,919,919,0,4,1963,0,51.1354564673008,288,0,5.019313142062617,1664,0
1749663542.4546893,920,920,0,4,1964,0,51.54794865341052,288,0,5.019313142062617,1665,0
1749663542.495852,921,921,0,4,1967,0,52.2200113396612,289,0,5.01830615751788,1668,0
1749663542.5339174,922,922,0,4,1969,0,52.74976915788343,289,0,5.01830615751788,1670,0
1749663542.5876799,923,923,0,4,1971,0,53.09588340513122,289,0,5.01830615751788,1672,0
1749663542.6288204,924,924,0,4,1973,0,52.61606055953137,289,0,5.01830615751788,1674,0
1749663542.6752298,925,925,0,4,1976,0,52.70840491095137,290,0,5.0238736480752495,1677,0
1749663542.7163787,926,926,0,4,1977,0,52.90816116721527,290,0,5.0238736480752495,1678,0
1749663542.7533982,927,927,0,4,1979,0,52.852292204360495,290,0,5.0238736480752495,1680,0
1749663542.782326,928,928,0,4,1980,0,52.74467467043256,290,0,5.0238736480752495,1681,0
1749663542.8201487,929,929,0,4,1983,0,52.31763809845032,290,0,5.0238736480752495,1684,0
1749663542.858399,930,930,0,4,1984,0,52.55962089641116,290,0,5.0238736480752495,1685,0
1749663542.895354,931,931,0,4,1986,0,52.42860339273727,291,0,5.020139185419489,1687,0
1749663542.9321017,932,932,0,4,1988,0,52.41931210450909,291,0,5.020139185419489,1689,0
1749663542.9693246,933,933,0,4,1990,0,52.61817280392131,291,0,5.020139185419489,1691,0
1749663543.0088212,934,934,0,4,1992,0,52.62370504756994,291,0,5.020139185419489,1693,0
1749663543.0465322,935,935,0,4,1994,0,52.585926749126386,291,0,5.020139185419489,1695,0
1749663543.0870633,936,936,0,4,1996,0,52.21552568533824,292,0,5.02007164992553,1697,0
1749663543.1322145,937,937,0,4,1998,0,52.39173284900932,292,0,5.02007164992553,1699,0
1749663543.1710153,938,938,0,4,2000,0,52.559647241808484,292,0,5.02007164992553,1701,0
1749663543.2166047,939,939,0,4,2002,0,51.7046760124457,292,0,5.02007164992553,1703,0
1749663543.2552242,940,940,0,4,2004,0,51.38511689083034,292,0,5.02007164992553,1705,0
1749663543.292531,941,941,0,4,2005,0,51.30215340898527,293,0,5.019285391726232,1706,0
1749663543.3288617,942,942,0,4,2007,0,51.026663818269675,293,0,5.019285391726232,1708,0
1749663543.3863719,943,943,0,4,2010,0,50.45020598406255,293,0,5.019285391726232,1711,0
1749663543.4485314,944,944,0,5,2013,0,50.33886860731303,293,0,5.019285391726232,1714,0
1749663543.49587,945,945,0,5,2015,0,50.04106553735246,294,0,5.019997266849098,1716,0
1749663543.5455928,946,946,0,5,2017,0,50.129353999695475,294,0,5.019997266849098,1718,0
1749663543.563946,947,947,1,5,2017,0,50.129353999695475,294,0,5.019997266849098,1718,0
1749663543.581187,948,948,1,5,2019,0,49.537319070202074,294,0,5.019997266849098,1720,0
1749663543.6076257,949,949,1,5,2020,0,49.43674017442338,294,0,5.019997266849098,1721,0
1749663543.6325288,950,950,1,5,2021,0,49.54702136959116,294,0,5.019997266849098,1722,0
1749663543.659556,951,951,1,5,2023,0,49.65028326073364,294,0,5.019997266849098,1724,0
1749663543.685684,952,952,1,5,2024,0,49.76686967483256,295,0,5.019760072859516,1725,0
1749663543.7107968,953,953,1,5,2025,0,50.00495959834884,295,0,5.019760072859516,1726,0
1749663543.735398,954,954,1,5,2027,0,50.169996258455555,295,0,5.019760072859516,1728,0
1749663543.7611606,955,955,1,5,2028,0,50.01621772196337,295,0,5.019760072859516,1729,0
1749663543.8041923,956,956,1,5,2030,0,49.823326507771,295,0,5.019760072859516,1731,0
1749663543.8406339,957,957,1,5,2033,0,50.190252022003605,295,0,5.019760072859516,1734,0
1749663543.8866732,958,958,1,5,2034,0,50.12314773497795,296,0,5.019644968556011,1735,0
1749663543.931804,959,959,1,5,2036,0,50.16481187525775,296,0,5.019644968556011,1737,0
1749663543.9777665,960,960,1,5,2039,0,49.996400138654266,296,0,5.019644968556011,1740,0
1749663544.0211854,961,961,1,5,2041,0,50.08338266877557,296,0,5.019644968556011,1742,0
1749663544.0636933,962,962,1,5,2043,0,49.741703438546296,296,0,5.019644968556011,1744,0
1749663544.1083145,963,963,1,5,2045,0,49.600786365005995,297,0,5.015065149033489,1746,0
1749663544.1514413,964,964,1,5,2048,0,49.43477075078596,297,0,5.015065149033489,1749,0
1749663544.1971486,965,965,1,5,2050,0,49.45137009510151,297,0,5.015065149033489,1751,0
1749663544.241581,966,966,1,5,2051,0,50.181773109161256,297,0,5.015065149033489,1752,0
1749663544.2854564,967,967,1,5,2054,0,50.45735543704163,298,0,5.009701322806891,1755,0
1749663544.3341246,968,968,1,5,2056,0,50.632180369803,298,0,5.009701322806891,1757,0
1749663544.3765316,969,969,1,5,2058,0,50.950199728771196,298,0,5.009701322806891,1759,0
1749663544.417319,970,970,1,5,2061,0,50.84602674496274,298,0,5.009701322806891,1762,0
1749663544.461297,971,971,1,5,2063,0,50.94026187275088,298,0,5.009701322806891,1764,0
1749663544.5160275,972,972,1,5,2065,0,50.97188339975564,299,0,5.016693350255692,1766,0
1749663544.5577695,973,973,1,5,2067,0,50.64679260228848,299,0,5.016693350255692,1768,0
1749663544.5967824,974,974,1,5,2069,0,51.399146595819246,299,0,5.016693350255692,1770,0
1749663544.6443276,975,975,1,5,2071,0,51.12840026759401,299,0,5.016693350255692,1772,0
1749663544.6846073,976,976,1,5,2073,0,51.13141699097938,299,0,5.016693350255692,1774,0
1749663544.7226548,977,977,1,5,2075,0,50.89255726635772,300,0,5.021016951587329,1776,1
1749663544.7594523,978,978,1,5,2077,0,50.90274833073174,300,0,5.021016951587329,1778,1
1749663544.7977178,979,979,1,5,2079,0,51.35666541365811,300,0,5.021016951587329,1780,1
1749663544.8372245,980,980,1,5,2081,0,51.1623527023816,300,0,5.021016951587329,1782,1
1749663544.8764281,981,981,1,5,2083,0,51.195500395473054,300,0,5.021016951587329,1784,1
1749663544.9146025,982,982,1,5,2085,0,51.45899099103521,301,0,5.017984473658042,1786,2
1749663544.9542727,983,983,1,5,2087,0,51.645569121488066,301,0,5.017984473658042,1788,2
1749663544.9926033,984,984,1,5,2089,0,51.40649194628717,301,0,5.017984473658042,1790,2
1749663545.030582,985,985,1,5,2091,0,51.59214311316951,301,0,5.017984473658042,1792,2
1749663545.067989,986,986,1,5,2093,0,51.820940369466165,301,0,5.017984473658042,1794,2
1749663545.1100745,987,987,1,5,2095,0,51.97959236280067,302,0,5.014020667409351,1796,3
1749663545.1513612,988,988,1,5,2097,0,52.048985540266294,302,0,5.014020667409351,1798,3
1749663545.1897562,989,989,1,5,2100,0,52.30096337028219,302,0,5.014020667409351,1801,3
1749663545.2308152,990,990,1,5,2101,0,51.99267246519384,302,0,5.014020667409351,1802,3
1749663545.2711923,991,991,1,5,2103,0,51.66924912061468,302,0,5.014020667409351,1804,3
1749663545.3129108,992,992,1,5,2104,0,51.422853288261706,303,0,5.012282428455273,1805,4
1749663545.3502371,993,993,1,5,2106,0,51.45560723643549,303,0,5.012282428455273,1807,4
1749663545.3759918,994,994,1,5,2107,0,51.46958704110838,303,0,5.012282428455273,1808,4
1749663545.4180846,995,995,1,5,2109,0,50.89061833807703,303,0,5.012282428455273,1810,4
1749663545.458356,996,996,1,5,2111,0,50.820053103954486,303,0,5.012282428455273,1812,4
1749663545.501013,997,997,1,5,2114,0,50.80552536058528,304,0,5.012797243366909,1815,5
1749663545.5444856,998,998,1,5,2115,0,50.83039995074874,304,0,5.012797243366909,1816,5
1749663545.5856643,999,999,1,5,2117,0,50.70072902702513,304,0,5.012797243366909,1818,5
1749663545.6286843,1000,1000,1,5,2119,0,50.612213770302844,304,0,5.012797243366909,1820,5
1749663545.6688766,1001,1001,1,5,2121,0,50.79976580994804,304,0,5.012797243366909,1822,5
1749663545.7063088,1002,1002,1,5,2123,0,50.9608101622633,305,0,5.011282932848061,1824,6
